Date,Open,Close
2012-05-18,41.7924,37.9958
2012-05-21,36.3062,33.8215
2012-05-22,32.4102,30.8101
2012-05-23,31.1778,31.8039
2012-05-24,32.7481,32.8276
2012-05-25,32.6984,31.7145
2012-05-29,31.2871,28.6633
2012-05-30,28.5242,28.0173
2012-05-31,28.3751,29.4186
2012-06-01,28.713,27.5502
2012-06-04,27.0333,26.7352
2012-06-05,26.5364,25.7115
2012-06-06,25.9103,26.6457
2012-06-07,26.8346,26.1488
2012-06-08,26.3873,26.934
2012-06-11,27.0135,26.8445
2012-06-12,27.3116,27.2321
2012-06-13,27.4905,27.1029
2012-06-14,27.4806,28.1167
2012-06-15,28.3353,29.8261
2012-06-18,29.7764,31.2176
2012-06-19,31.3468,31.7145
2012-06-20,31.7244,31.4064
2012-06-21,31.476,31.6449
2012-06-22,32.2114,32.8475
2012-06-25,32.6587,31.8636
2012-06-26,32.4897,32.8972
2012-06-27,32.2611,32.0325
2012-06-28,31.7642,31.1679
2012-06-29,31.7244,30.9095
2012-07-02,31.0585,30.5815
2012-07-03,30.7206,31.0088
2012-07-05,31.1281,31.2772
2012-07-06,31.2474,31.5356
2012-07-09,31.9033,31.9729
2012-07-10,32.2313,31.2772
2012-07-11,31.2871,30.7802
2012-07-12,30.5119,30.6212
2012-07-13,30.8498,30.5318
2012-07-16,30.3131,28.0769
2012-07-17,28.3055,27.9179
2012-07-18,28.1365,28.9316
2012-07-19,29.2298,28.8223
2012-07-20,28.8223,28.5838
2012-07-23,27.9477,28.5739
2012-07-24,28.6434,28.2757
2012-07-25,28.2161,29.1602
2012-07-26,27.58,26.6855
2012-07-27,23.0479,23.5647
2012-07-30,23.853,23.0082
2012-07-31,23.2268,21.577
2012-08-01,21.3683,20.7521
2012-08-02,20.6427,19.9172
2012-08-03,20.2353,20.9608
2012-08-06,21.2589,21.7857
2012-08-07,22.064,20.593
2012-08-08,20.5831,20.593
2012-08-09,20.6229,20.8813
2012-08-10,21.2788,21.6764
2012-08-13,22.0143,21.4677
2012-08-14,21.2788,20.2551
2012-08-15,20.5135,21.0701
2012-08-16,20.3148,19.7483
2012-08-17,19.8874,18.9333
2012-08-20,18.9333,19.8874
2012-08-21,19.46,19.0426
2012-08-22,19.2414,19.3209
2012-08-23,19.3805,19.3209
2012-08-24,19.4004,19.2911
2012-08-27,19.3706,19.0327
2012-08-28,18.983,19.2215
2012-08-29,19.2016,18.983
2012-08-30,19.1519,18.973
2012-08-31,18.5655,17.9493
2012-09-04,17.9692,17.6214
2012-09-05,18.1581,18.4662
2012-09-06,18.6252,18.8438
2012-09-07,18.983,18.8637
2012-09-10,18.9432,18.6948
2012-09-11,18.8041,19.311
2012-09-12,20.6328,20.8018
2012-09-13,20.8316,20.5831
2012-09-14,21.0005,21.8652
2012-09-17,22.5311,21.3882
2012-09-18,21.4677,21.736
2012-09-19,21.8553,23.1473
2012-09-20,22.879,22.4516
2012-09-21,22.8293,22.7199
2012-09-24,21.6466,20.6626
2012-09-25,21.0701,20.1557
2012-09-26,20.0265,20.4937
2012-09-27,20.8614,20.1955
2012-09-28,20.444,21.5273
2012-10-01,21.9447,21.8553
2012-10-02,21.9447,22.1336
2012-10-03,22.1634,21.6962
2012-10-04,22.1832,21.8155
2012-10-05,21.3583,20.7819
2012-10-08,20.275,20.275
2012-10-09,20.2651,20.1061
2012-10-10,19.8079,19.5197
2012-10-11,19.7582,19.629
2012-10-12,19.629,19.4004
2012-10-15,19.5594,19.4004
2012-10-16,19.5594,19.3606
2012-10-17,19.3805,19.7582
2012-10-18,19.5793,18.8637
2012-10-19,18.8836,18.8836
2012-10-22,19.0824,19.2016
2012-10-23,19.1321,19.3805
2012-10-24,23.9822,23.0877
2012-10-25,23.1473,22.4218
2012-10-26,22.2628,21.8056
2012-10-31,20.6924,20.9807
2012-11-01,20.9508,21.08
2012-11-02,21.1297,21.0502
2012-11-05,20.9707,21.1198
2012-11-06,21.1099,21.0403
2012-11-07,20.7223,20.3446
2012-11-08,20.3943,19.8675
2012-11-09,19.8377,19.0923
2012-11-12,19.0327,19.947
2012-11-13,19.4899,19.7383
2012-11-14,19.9769,22.223
2012-11-15,22.2031,22.0342
2012-11-16,22.1137,23.4156
2012-11-19,23.8132,22.7796
2012-11-20,22.5907,22.9585
2012-11-21,23.0777,24.171
2012-11-23,24.4294,23.853
2012-11-26,24.7872,25.7811
2012-11-27,25.8805,25.9898
2012-11-28,25.7811,26.1985
2012-11-29,26.3376,27.1526
2012-11-30,27.093,27.8284
2012-12-03,27.8284,26.8743
2012-12-04,26.8942,27.2918
2012-12-05,27.58,27.5402
2012-12-06,27.5104,26.8048
2012-12-07,26.9041,27.3216
2012-12-10,27.0035,27.6694
2012-12-11,27.898,27.8086
2012-12-12,27.8284,27.411
2012-12-13,27.421,28.067
2012-12-14,28.0073,26.6457
2012-12-17,26.606,26.5861
2012-12-18,26.7948,27.5402
2012-12-19,27.6595,27.2421
2012-12-20,27.3216,27.1924
2012-12-21,26.4967,26.0991
2012-12-24,26.3376,26.765
2012-12-26,26.8644,26.3476
2012-12-27,26.3873,25.8904
2012-12-28,25.3239,25.7513
2012-12-31,26.0395,26.4569
2013-01-02,27.2719,27.8284
2013-01-03,27.7092,27.5999
2013-01-04,27.8384,28.5838
2013-01-07,28.5142,29.2397
2013-01-08,29.3292,28.882
2013-01-09,29.4882,30.4026
2013-01-10,30.4125,31.1082
2013-01-11,31.0883,31.5257
2013-01-14,31.8835,30.7604
2013-01-15,30.4523,29.9156
2013-01-16,30.0249,29.6671
2013-01-17,29.8957,29.9553
2013-01-18,30.1243,29.4783
2013-01-22,29.5677,30.5417
2013-01-23,30.9095,30.6312
2013-01-24,31.0784,30.8896
2013-01-25,31.2176,31.3468
2013-01-28,31.6847,32.2711
2013-01-29,31.8039,30.6014
2013-01-30,30.7902,31.0486
2013-01-31,28.9714,30.7902
2013-02-01,30.82,29.5478
2013-02-04,28.882,27.9378
2013-02-05,28.0869,28.4645
2013-02-06,28.5639,28.872
2013-02-07,28.9316,28.4745
2013-02-08,28.713,28.3751
2013-02-11,28.4347,28.0869
2013-02-12,27.5005,27.2023
2013-02-13,27.1924,27.739
2013-02-14,27.8483,28.3254
2013-02-15,28.3453,28.1465
2013-02-19,28.057,28.7527
2013-02-20,28.7428,28.2856
2013-02-21,28.1067,27.1129
2013-02-22,27.4508,26.9638
2013-02-25,26.9936,27.1029
2013-02-26,27.1924,27.2222
2013-02-27,27.1725,26.7054
2013-02-28,26.6756,27.083
2013-03-01,26.8843,27.6098
2013-03-04,27.5899,27.5502
2013-03-05,27.7092,27.3514
2013-03-06,27.9278,27.2818
2013-03-07,27.4011,28.4049
2013-03-08,28.2558,27.7887
2013-03-11,27.8384,27.9676
2013-03-12,27.9278,27.6595
2013-03-13,27.4508,26.9141
2013-03-14,26.934,26.8743
2013-03-15,26.8644,26.4867
2013-03-18,26.2084,26.3277
2013-03-19,26.3675,26.3873
2013-03-20,26.5165,25.7016
2013-03-21,25.5028,25.5823
2013-03-22,25.6419,25.5724
2013-03-25,25.5922,24.976
2013-03-26,24.9263,25.0555
2013-03-27,24.8468,25.9301
2013-03-28,25.9301,25.4233
2013-04-01,25.473,25.3736
2013-04-02,25.6121,25.2643
2013-04-03,25.6717,26.0892
2013-04-04,26.4569,26.9041
2013-04-05,26.6954,27.2222
2013-04-08,27.0234,26.6855
2013-04-09,26.4171,26.4271
2013-04-10,26.8445,27.4011
2013-04-11,27.3116,27.8483
2013-04-12,27.8284,27.2321
2013-04-15,26.9936,26.3575
2013-04-16,26.6457,26.7551
2013-04-17,26.4867,26.4668
2013-04-18,26.6557,25.5326
2013-04-19,25.463,25.5724
2013-04-22,25.6519,25.8109
2013-04-23,26.0594,25.8208
2013-04-24,25.7711,25.95
2013-04-25,25.9103,25.9798
2013-04-26,26.437,26.6855
2013-04-29,26.9936,26.8147
2013-04-30,26.9638,27.5999
2013-05-01,27.6794,27.2619
2013-05-02,27.8384,28.7925
2013-05-03,28.8621,28.1365
2013-05-06,28.1564,27.4011
2013-05-07,27.3812,26.7252
2013-05-08,26.7153,26.9538
2013-05-09,26.9141,26.8743
2013-05-10,26.9737,26.5165
2013-05-13,26.437,26.6557
2013-05-14,26.7252,26.9041
2013-05-15,26.7551,26.437
2013-05-16,26.3178,25.9699
2013-05-17,26.2382,26.0892
2013-05-20,26.0196,25.6022
2013-05-21,25.7115,25.5028
2013-05-22,25.4928,25.0058
2013-05-23,24.6481,24.9065
2013-05-24,24.817,24.1611
2013-05-28,24.3896,23.9523
2013-05-29,23.6442,23.1771
2013-05-30,23.9822,24.3996
2013-05-31,24.4791,24.2008
2013-06-03,24.1213,23.7039
2013-06-04,23.7436,23.3759
2013-06-05,23.2069,22.7597
2013-06-06,22.8491,22.8293
2013-06-07,22.8889,23.1473
2013-06-10,23.9126,24.1809
2013-06-11,23.8828,23.8828
2013-06-12,24.012,23.6244
2013-06-13,23.5747,23.5846
2013-06-14,23.4156,23.4852
2013-06-17,23.7635,23.8728
2013-06-18,23.9424,24.0617
2013-06-19,24.0517,24.1611
2013-06-20,24.1312,23.7536
2013-06-21,24.4393,24.3797
2013-06-24,23.8033,23.7933
2013-06-25,23.9921,24.1014
2013-06-26,24.3598,24.012
2013-06-27,24.0915,24.5089
2013-06-28,24.5288,24.7276
2013-07-01,24.817,24.658
2013-07-02,24.5487,24.2604
2013-07-03,24.0716,24.3698
2013-07-05,24.499,24.2207
2013-07-08,24.3201,24.5586
2013-07-09,24.9164,25.3239
2013-07-10,25.4233,25.6419
2013-07-11,25.8009,25.6519
2013-07-12,25.5823,25.7513
2013-07-15,25.7711,26.119
2013-07-16,26.2283,26.1587
2013-07-17,26.2084,26.4867
2013-07-18,26.5861,26.0196
2013-07-19,25.6618,25.7214
2013-07-22,25.8308,25.8904
2013-07-23,25.9401,25.9699
2013-07-24,26.1587,26.3476
2013-07-25,33.3345,34.1495
2013-07-26,33.5631,33.8016
2013-07-29,33.8613,35.2129
2013-07-30,35.4316,37.3994
2013-07-31,37.7274,36.5745
2013-08-01,37.0715,37.2603
2013-08-02,37.4293,37.8169
2013-08-05,38.1945,38.9499
2013-08-06,38.8704,38.3138
2013-08-07,38.3734,38.6318
2013-08-08,38.8903,38.3039
2013-08-09,38.3536,38.2641
2013-08-12,37.966,37.9858
2013-08-13,38.0057,36.7932
2013-08-14,36.6043,36.4254
2013-08-15,36.1372,36.336
2013-08-16,36.7435,36.8528
2013-08-19,37.2007,37.5783
2013-08-20,38.115,38.1747
2013-08-21,38.1449,38.0852
2013-08-22,38.1349,38.3138
2013-08-23,38.761,40.3016
2013-08-26,40.6494,41.0867
2013-08-27,40.4308,39.3971
2013-08-28,39.7152,40.3016
2013-08-29,40.6395,41.0271
2013-08-30,41.7625,41.037
2013-09-03,41.5836,41.6135
2013-09-04,41.7526,41.524
2013-09-05,41.534,42.3986
2013-09-06,42.826,43.6807
2013-09-09,44.0882,43.7702
2013-09-10,43.9689,43.3329
2013-09-11,43.1241,44.764
2013-09-12,45.251,44.4758
2013-09-13,44.764,44.0385
2013-09-16,44.5752,42.2495
2013-09-17,42.2396,44.7939
2013-09-18,44.5653,44.9529
2013-09-19,45.2312,45.6983
2013-09-20,46.0362,47.199
2013-09-23,46.9903,46.9009
2013-09-24,48.2128,48.1532
2013-09-25,48.9284,49.157
2013-09-26,49.7036,50.0813
2013-09-27,49.9819,50.9261
2013-09-30,49.8328,49.9222
2013-10-01,49.6638,50.1111
2013-10-02,49.8229,49.9719
2013-10-03,50.1608,48.8787
2013-10-04,49.4651,50.7273
2013-10-07,50.4192,50.2105
2013-10-08,50.29,46.8512
2013-10-09,47.0897,46.4834
2013-10-10,47.5767,48.7495
2013-10-11,48.8787,48.8091
2013-10-14,48.014,49.2067
2013-10-15,49.6837,49.1967
2013-10-16,49.7334,50.8267
2013-10-17,50.8068,51.8901
2013-10-18,53.848,53.8878
2013-10-21,54.345,53.5201
2013-10-22,53.9971,52.3572
2013-10-23,51.4329,51.582
2013-10-24,52.0591,52.1286
2013-10-25,52.8542,51.6317
2013-10-28,51.2242,49.9222
2013-10-29,50.4192,49.0973
2013-10-30,49.6937,48.7097
2013-10-31,46.8711,49.9024
2013-11-01,50.5384,49.4452
2013-11-04,49.0675,47.9246
2013-11-05,47.4972,49.803
2013-11-06,49.9521,48.819
2013-11-07,48.9383,47.2686
2013-11-08,47.5171,47.2388
2013-11-11,46.7518,45.9169
2013-11-12,45.7182,46.3244
2013-11-13,45.9467,48.4116
2013-11-14,48.4016,48.6898
2013-11-15,48.8091,48.7097
2013-11-18,48.173,45.5492
2013-11-19,45.9766,46.076
2013-11-20,46.3244,46.1455
2013-11-21,46.7021,46.4139
2013-11-22,46.7518,45.9468
2013-11-25,46.076,44.5454
2013-11-26,44.3864,45.6088
2013-11-27,45.6883,46.2052
2013-11-29,46.4636,46.722
2013-12-02,46.6127,46.7717
2013-12-03,46.4636,46.4437
2013-12-04,46.1753,48.3221
2013-12-05,47.855,48.0438
2013-12-06,48.6799,47.6463
2013-12-09,47.7954,48.5408
2013-12-10,48.342,49.9421
2013-12-11,50.2403,49.0775
2013-12-12,50.7372,51.5124
2013-12-13,51.3435,52.9933
2013-12-16,52.9237,53.4803
2013-12-17,54.4245,54.5239
2013-12-18,54.5239,55.2295
2013-12-19,53.9971,54.7127
2013-12-20,54.5934,54.7823
2013-12-23,55.16,57.416
2013-12-24,57.913,57.6049
2013-12-26,57.9627,57.3763
2013-12-27,57.1278,55.1003
2013-12-30,54.5935,53.3809
2013-12-31,53.7884,54.3152
2014-01-02,54.4941,54.3748
2014-01-03,54.6829,54.2257
2014-01-06,54.0866,56.8495
2014-01-07,57.3465,57.5651
2014-01-08,57.2471,57.8732
2014-01-09,58.2907,56.8694
2014-01-10,56.78,57.585
2014-01-13,57.5552,55.5674
2014-01-14,56.1141,57.3862
2014-01-15,57.6248,57.2471
2014-01-16,56.9092,56.8396
2014-01-17,56.9489,55.9551
2014-01-21,56.2532,58.1515
2014-01-22,58.4894,57.1576
2014-01-23,56.0246,56.283
2014-01-24,55.806,54.1164
2014-01-27,54.3947,53.2219
2014-01-28,53.689,54.8022
2014-01-29,54.2754,53.202
2014-01-30,61.7394,60.7058
2014-01-31,60.0995,62.1866
2014-02-03,62.6438,61.1033
2014-02-04,61.6698,62.3655
2014-02-05,62.3556,61.809
2014-02-06,61.0834,61.7791
2014-02-07,61.8885,63.9259
2014-02-10,63.906,63.1606
2014-02-11,63.3594,64.4527
2014-02-12,64.5222,64.0551
2014-02-13,63.7868,66.9175
2014-02-14,67.0864,66.6789
2014-02-18,66.5299,66.8877
2014-02-19,66.6392,67.643
2014-02-20,67.315,69.2034
2014-02-21,69.263,68.1697
2014-02-24,68.3188,70.3463
2014-02-25,70.5153,69.422
2014-02-26,69.7599,68.8356
2014-02-27,68.9152,68.5176
2014-02-28,69.0444,68.0406
2014-03-03,66.5497,66.997
2014-03-04,68.2393,68.3785
2014-03-05,69.263,71.1315
2014-03-06,71.4396,70.406
2014-03-07,70.6445,69.3723
2014-03-10,70.3364,71.5887
2014-03-11,72.0558,69.6705
2014-03-12,69.432,70.4457
2014-03-13,70.8532,68.4083
2014-03-14,68.0704,67.3051
2014-03-17,67.7623,68.3188
2014-03-18,68.3387,68.7661
2014-03-19,68.7462,67.8219
2014-03-20,67.5933,66.5597
2014-03-21,67.1162,66.828
2014-03-24,66.7783,63.7073
2014-03-25,64.4924,64.4924
2014-03-26,64.3433,60.02
2014-03-27,60.1393,60.5964
2014-03-28,60.9642,59.6423
2014-03-31,60.4076,59.8709
2014-04-01,60.0896,62.2363
2014-04-02,62.8227,62.3357
2014-04-03,62.1668,59.1255
2014-04-04,59.5728,56.4023
2014-04-07,55.5575,56.6011
2014-04-08,57.3266,57.8335
2014-04-09,59.2646,62.0276
2014-04-10,62.6935,58.7975
2014-04-11,57.2471,58.1714
2014-04-14,59.7218,58.5292
2014-04-15,58.9267,58.728
2014-04-16,59.4237,59.3541
2014-04-17,58.9367,58.5789
2014-04-21,59.0957,60.8648
2014-04-22,62.2662,62.6438
2014-04-23,63.0612,60.9841
2014-04-24,63.2103,60.4971
2014-04-25,59.6026,57.3564
2014-04-28,57.6943,55.796
2014-04-29,55.7463,57.7937
2014-04-30,57.2272,59.4137
2014-05-01,60.0597,60.7753
2014-05-02,60.9244,60.0896
2014-05-05,59.3044,60.8449
2014-05-06,60.6064,58.1714
2014-05-07,58.4099,57.0384
2014-05-08,56.8794,56.4122
2014-05-09,56.5017,56.8893
2014-05-12,57.6248,59.4634
2014-05-13,59.2945,59.4634
2014-05-14,59.1653,58.8671
2014-05-15,58.8969,57.5651
2014-05-16,57.9527,57.6645
2014-05-19,57.5353,58.8472
2014-05-20,59.1354,58.2012
2014-05-21,58.2012,60.1194
2014-05-22,60.5666,60.1492
2014-05-23,60.0399,60.9741
2014-05-27,61.2425,63.0911
2014-05-28,63.0016,63.1209
2014-05-29,63.4489,63.4389
2014-05-30,63.5582,62.9122
2014-06-02,62.8426,62.6935
2014-06-03,62.2363,62.4848
2014-06-04,62.0674,62.9519
2014-06-05,63.27,62.8028
2014-06-06,62.9817,62.1171
2014-06-09,62.0177,62.4947
2014-06-10,63.1408,65.367
2014-06-11,64.9198,65.377
2014-06-12,65.4465,63.8961
2014-06-13,64.3036,64.1048
2014-06-16,63.7669,63.7967
2014-06-17,63.7073,64.0054
2014-06-18,64.0949,65.1981
2014-06-19,65.0589,63.9458
2014-06-20,64.0651,64.1048
2014-06-23,63.9259,64.9695
2014-06-24,64.9595,65.3173
2014-06-25,65.1782,67.0268
2014-06-26,67.5834,66.7187
2014-06-27,66.8976,67.1858
2014-06-30,67.0467,66.8777
2014-07-01,67.1659,67.643
2014-07-02,67.6231,66.0429
2014-07-03,66.4504,65.8839
2014-07-07,65.8938,64.89
2014-07-08,64.6614,62.3755
2014-07-09,63.0215,64.5719
2014-07-10,62.9221,64.4725
2014-07-11,64.88,65.9335
2014-07-14,66.7187,67.484
2014-07-15,67.5436,66.7585
2014-07-16,67.1262,67.2455
2014-07-17,66.6193,66.0031
2014-07-18,66.3907,68.0008
2014-07-21,68.3884,68.9748
2014-07-22,69.3326,68.8456
2014-07-23,69.3127,70.8532
2014-07-24,75.4946,74.5206
2014-07-25,74.5305,74.7293
2014-07-28,74.7094,74.461
2014-07-29,74.2622,73.2584
2014-07-30,73.7553,74.2224
2014-07-31,73.5466,72.2049
2014-08-01,71.7775,71.9167
2014-08-04,71.9167,73.0596
2014-08-05,72.7515,72.2446
2014-08-06,71.5787,72.026
2014-08-07,72.5527,72.7217
2014-08-08,72.9503,72.6124
2014-08-11,73.0099,72.99
2014-08-12,72.6422,72.3838
2014-08-13,72.672,73.318
2014-08-14,73.5168,73.8448
2014-08-15,73.8646,73.1789
2014-08-18,73.5466,74.133
2014-08-19,74.3517,74.8287
2014-08-20,74.5107,74.3516
2014-08-21,74.461,74.1131
2014-08-22,73.8845,74.1131
2014-08-25,74.4808,74.5603
2014-08-26,74.5405,75.4946
2014-08-27,74.8088,74.1727
2014-08-28,73.5466,73.4075
2014-08-29,73.8448,74.3616
2014-09-02,74.5504,76.2102
2014-09-03,76.6674,75.3654
2014-09-04,75.425,75.4846
2014-09-05,75.6337,76.7866
2014-09-08,76.7866,77.4128
2014-09-09,77.1146,76.2002
2014-09-10,76.0512,76.9556
2014-09-11,76.6574,77.4426
2014-09-12,77.542,77.0053
2014-09-15,76.6773,74.1231
2014-09-16,73.0695,75.6139
2014-09-17,75.4946,75.9617
2014-09-18,76.2996,76.5282
2014-09-19,76.9258,77.4326
2014-09-22,76.5282,76.3295
2014-09-23,75.8623,77.8103
2014-09-24,77.6215,78.0588
2014-09-25,78.1184,76.7469
2014-09-26,77.1146,78.3073
2014-09-29,77.6414,78.516
2014-09-30,78.8638,78.5557
2014-10-01,78.2973,76.081
2014-10-02,76.1009,76.6077
2014-10-03,77.2836,76.9655
2014-10-06,76.7171,77.0848
2014-10-07,76.5779,75.8226
2014-10-08,75.7132,77.045
2014-10-09,76.8065,75.4449
2014-10-10,75.1269,72.4633
2014-10-13,72.7813,72.5428
2014-10-14,73.5466,73.1391
2014-10-15,71.2507,72.7614
2014-10-16,70.3563,72.185
2014-10-17,73.7752,75.4846
2014-10-20,75.1368,76.4785
2014-10-21,77.0848,78.2079
2014-10-22,78.3371,77.8898
2014-10-23,78.8936,79.5496
2014-10-24,79.7086,80.1757
2014-10-27,80.2453,79.7881
2014-10-28,79.6887,80.2751
2014-10-29,74.9877,75.3952
2014-10-30,74.5902,73.6559
2014-10-31,74.4709,74.5305
2014-11-03,75.0076,73.4273
2014-11-04,73.7752,75.2958
2014-11-05,76.0412,74.3715
2014-11-06,74.4311,74.7989
2014-11-07,74.9281,75.1368
2014-11-10,74.8983,74.5405
2014-11-11,74.4908,74.1529
2014-11-12,73.8249,74.2622
2014-11-13,74.2821,73.7951
2014-11-14,73.8149,74.4212
2014-11-17,74.4212,73.7851
2014-11-18,73.9938,73.8845
2014-11-19,73.5566,72.8807
2014-11-20,72.354,73.1491
2014-11-21,74.0435,73.2981
2014-11-24,73.0894,73.5566
2014-11-25,73.7553,75.1666
2014-11-26,75.0672,77.1444
2014-11-28,77.1941,77.2239
2014-12-01,76.7866,74.6399
2014-12-02,74.8685,74.9977
2014-12-03,74.9181,74.4212
2014-12-04,74.3715,74.779
2014-12-05,75.3356,75.8922
2014-12-08,75.7132,76.0512
2014-12-09,74.7393,76.3692
2014-12-10,76.1804,75.7132
2014-12-11,76.0512,77.2538
2014-12-12,76.6872,77.3531
2014-12-15,77.9793,76.5183
2014-12-16,75.7232,74.2324
2014-12-17,74.5504,75.6437
2014-12-18,76.4189,77.9196
2014-12-19,78.2675,79.3906
2014-12-22,79.5894,80.951
2014-12-23,81.5175,80.1161
2014-12-24,80.5335,80.2751
2014-12-26,80.5236,80.2851
2014-12-29,79.9968,79.5297
2014-12-30,79.3608,78.7346
2014-12-31,79.0527,77.542
2015-01-02,78.0985,77.9693
2015-01-05,77.5022,76.7171
2015-01-06,76.7568,75.6834
2015-01-07,76.2897,75.6834
2015-01-08,76.2698,77.701
2015-01-09,77.7209,77.2637
2015-01-12,77.3631,76.2499
2015-01-13,76.7568,75.9816
2015-01-14,75.9518,75.8126
2015-01-15,75.9319,73.5963
2015-01-16,73.5864,74.7194
2015-01-20,75.2561,75.7729
2015-01-21,75.6934,76.2698
2015-01-22,76.6972,77.1742
2015-01-23,77.1742,77.3531
2015-01-26,77.5022,77.0252
2015-01-27,76.24,75.3157
2015-01-28,76.4288,75.7729
2015-01-29,76.3791,77.5221
2015-01-30,77.5221,75.4449
2015-02-02,75.6437,74.5305
2015-02-03,74.7293,74.938
2015-02-04,74.6299,75.1666
2015-02-05,75.2461,75.1467
2015-02-06,75.2163,74.0137
2015-02-09,73.5963,73.9839
2015-02-10,74.3914,74.7293
2015-02-11,74.6299,76.0412
2015-02-12,76.3891,75.763
2015-02-13,75.9915,75.2759
2015-02-17,74.8386,75.1368
2015-02-18,75.4747,76.24
2015-02-19,76.5183,78.9334
2015-02-20,79.0626,79.4105
2015-02-23,79.4701,78.3569
2015-02-24,78.019,77.9693
2015-02-25,78.019,79.0725
2015-02-26,79.3906,79.9173
2015-02-27,80.1857,78.4862
2015-03-02,78.516,79.2614
2015-03-03,79.1222,79.1123
2015-03-04,78.8141,80.4043
2015-03-05,80.7323,80.7124
2015-03-06,80.4043,79.5198
2015-03-09,79.1918,78.9533
2015-03-10,78.019,77.0749
2015-03-11,77.3233,77.0947
2015-03-12,77.6215,78.4464
2015-03-13,78.1184,77.5718
2015-03-16,77.4823,77.5917
2015-03-17,77.8799,78.8738
2015-03-18,78.7644,80.4143
2015-03-19,80.623,82.243
2015-03-20,82.8791,83.2866
2015-03-23,83.4058,83.9127
2015-03-24,84.191,84.7873
2015-03-25,84.9761,82.4119
2015-03-26,82.2132,82.5014
2015-03-27,82.8691,82.7896
2015-03-30,83.2965,82.6902
2015-03-31,82.3921,81.7163
2015-04-01,81.9945,81.1696
2015-04-02,81.7461,81.0603
2015-04-06,80.3049,81.9349
2015-04-07,82.1436,81.8156
2015-04-08,82.1237,81.7759
2015-04-09,81.9945,81.6665
2015-04-10,81.7063,81.5374
2015-04-13,81.428,82.5014
2015-04-14,82.6604,83.0083
2015-04-15,83.0381,82.2032
2015-04-16,81.9647,81.8057
2015-04-17,80.9808,80.2851
2015-04-20,81.0404,82.5809
2015-04-21,83.4853,83.1077
2015-04-22,83.8034,84.1115
2015-04-23,83.5847,81.9051
2015-04-24,82.2629,81.0305
2015-04-27,81.3684,81.4081
2015-04-28,81.3286,80.1857
2015-04-29,79.5198,79.977
2015-04-30,79.5198,78.2874
2015-05-01,78.7545,78.506
2015-05-04,78.844,78.3271
2015-05-05,78.0687,77.0848
2015-05-06,77.4923,77.6215
2015-05-07,77.5221,77.9495
2015-05-08,78.6154,78.029
2015-05-11,77.9992,77.532
2015-05-12,77.3929,76.9854
2015-05-13,77.2438,77.9594
2015-05-14,78.4563,80.8715
2015-05-15,80.9112,79.9273
2015-05-18,79.8378,80.3844
2015-05-19,80.7522,80.136
2015-05-20,79.977,80.0565
2015-05-21,79.6987,79.9869
2015-05-22,79.8577,80.0465
2015-05-26,79.9372,78.844
2015-05-27,79.1123,80.0565
2015-05-28,79.7583,79.6589
2015-05-29,79.4601,78.7048
2015-06-01,78.8141,79.7981
2015-06-02,79.2713,79.9471
2015-06-03,80.8516,81.9349
2015-06-04,81.6367,81.5473
2015-06-05,81.3684,81.6367
2015-06-08,81.3187,80.1757
2015-06-09,80.1062,80.1757
2015-06-10,80.3348,81.6566
2015-06-11,81.8057,81.3286
2015-06-12,80.8715,81.0305
2015-06-15,80.0565,80.2155
2015-06-16,80.3248,80.5633
2015-06-17,81.2591,81.2889
2015-06-18,81.1398,82.402
2015-06-19,82.3225,82.0045
2015-06-22,82.8989,84.2208
2015-06-23,84.4394,87.3416
2015-06-24,87.1229,88.3156
2015-06-25,88.7131,87.4409
2015-06-26,87.5801,87.4708
2015-06-29,86.0793,85.2743
2015-06-30,86.0694,85.2445
2015-07-01,86.2384,86.3775
2015-07-02,86.8645,86.7552
2015-07-06,85.9601,87.0136
2015-07-07,87.2621,86.6856
2015-07-08,85.7613,85.1252
2015-07-09,86.1986,85.3538
2015-07-10,86.8148,87.4111
2015-07-13,88.1168,89.548
2015-07-14,89.9058,89.1305
2015-07-15,89.4486,89.21
2015-07-16,89.7269,90.2934
2015-07-17,91.983,94.3881
2015-07-20,95.2627,97.3101
2015-07-21,98.3437,97.7872
2015-07-22,96.1473,96.4454
2015-07-23,96.3659,94.8552
2015-07-24,96.7535,96.356
2015-07-27,95.9883,93.593
2015-07-28,94.2589,94.7062
2015-07-29,95.7299,96.3958
2015-07-30,94.3285,94.6267
2015-07-31,94.3682,93.434
2015-08-03,92.9569,93.5632
2015-08-04,93.2154,93.4837
2015-08-05,94.6664,95.8491
2015-08-06,96.5846,94.5372
2015-08-07,94.7956,93.7222
2015-08-10,95.0938,93.5732
2015-08-11,93.1557,93.0464
2015-08-12,92.132,93.6129
2015-08-13,93.4738,92.8576
2015-08-14,92.9669,93.8415
2015-08-17,93.8415,93.3545
2015-08-18,93.5036,94.5869
2015-08-19,94.0502,94.726
2015-08-20,92.9669,90.0051
2015-08-21,86.9838,85.5327
2015-08-24,76.558,81.587
2015-08-25,86.4173,82.4915
2015-08-26,85.4234,86.6558
2015-08-27,88.5541,89.1802
2015-08-28,89.3293,90.4524
2015-08-31,90.0449,88.8821
2015-09-01,86.3179,86.6955
2015-09-02,88.2659,89.3393
2015-09-03,89.2101,87.6099
2015-09-04,86.6657,87.7192
2015-09-08,89.1405,88.9815
2015-09-09,90.2238,89.8859
2015-09-10,89.5181,91.4165
2015-09-11,91.1183,91.486
2015-09-14,91.7444,91.7444
2015-09-15,91.8041,92.3308
2015-09-16,92.3308,92.8774
2015-09-17,92.7979,93.762
2015-09-18,92.629,93.8216
2015-09-21,94.0403,94.9646
2015-09-22,93.1955,92.3904
2015-09-23,92.8277,93.3942
2015-09-24,92.4898,93.8316
2015-09-25,95.2031,92.2016
2015-09-28,91.5158,88.6634
2015-09-29,88.5541,86.139
2015-09-30,87.8981,89.3492
2015-10-01,89.4983,90.3927
2015-10-02,88.3553,91.5059
2015-10-05,92.3706,93.434
2015-10-06,93.5036,92.2314
2015-10-07,92.5395,91.8339
2015-10-08,91.327,91.9034
2015-10-09,92.3308,92.6687
2015-10-12,92.7482,93.6825
2015-10-13,93.0862,93.5433
2015-10-14,93.5036,93.4936
2015-10-15,94.408,95.3721
2015-10-16,95.5907,96.9424
2015-10-19,96.5846,97.8667
2015-10-20,98.1251,96.4057
2015-10-21,96.7734,96.515
2015-10-22,97.1908,99.0593
2015-10-23,101.2856,101.5639
2015-10-26,101.5738,103.1342
2015-10-27,102.3093,103.0646
2015-10-28,103.2634,103.5616
2015-10-29,103.323,104.2374
2015-10-30,103.8697,101.3452
2015-11-02,101.0968,102.677
2015-11-03,102.5876,101.9515
2015-11-04,102.5578,103.3032
2015-11-05,108.1334,108.0936
2015-11-06,107.378,106.4438
2015-11-09,106.3444,105.8375
2015-11-10,105.3108,107.2488
2015-11-11,107.6066,108.3421
2015-11-12,107.8154,107.3582
2015-11-13,107.0501,103.3131
2015-11-16,102.687,103.4026
2015-11-17,103.979,104.4859
2015-11-18,105.1518,107.1097
2015-11-19,106.7022,105.609
2015-11-20,106.1854,106.6624
2015-11-23,106.5333,106.2947
2015-11-24,105.3505,105.0921
2015-11-25,105.6785,104.7642
2015-11-27,105.1319,104.8039
2015-11-30,105.1915,103.6013
2015-12-01,104.1877,106.4637
2015-12-02,106.3444,105.4201
2015-12-03,105.6189,103.7405
2015-12-04,104.1678,105.5294
2015-12-07,105.8276,104.9629
2015-12-08,103.3628,105.8375
2015-12-09,105.5294,103.9591
2015-12-10,104.4064,104.7741
2015-12-11,103.5119,101.4943
2015-12-14,101.6633,104.0188
2015-12-15,104.6548,103.9094
2015-12-16,104.7244,106.1357
2015-12-17,106.8314,105.5692
2015-12-18,105.4301,103.4026
2015-12-21,104.2672,104.1281
2015-12-22,104.5753,104.8635
2015-12-23,105.2412,103.9889
2015-12-24,104.0983,104.3765
2015-12-28,104.3765,105.281
2015-12-29,105.768,106.6028
2015-12-30,106.3444,105.5692
2015-12-31,105.3505,104.0188
2016-01-04,101.3254,101.5937
2016-01-05,102.2596,102.1006
2016-01-06,100.5104,102.3391
2016-01-07,99.8842,97.3201
2016-01-08,99.268,96.7337
2016-01-11,97.3101,96.9126
2016-01-12,98.3934,98.7612
2016-01-13,99.9638,94.8552
2016-01-14,95.2627,97.7673
2016-01-15,93.4042,94.3881
2016-01-19,95.9386,94.6763
2016-01-20,92.2612,93.7719
2016-01-21,94.3285,93.5831
2016-01-22,95.8193,97.3399
2016-01-25,98.1151,96.4156
2016-01-26,97.161,96.7436
2016-01-27,97.1909,93.8713
2016-01-28,106.5432,108.4415
2016-01-29,108.3222,111.5225
2016-02-01,111.5821,114.3848
2016-02-02,114.0966,113.9078
2016-02-03,114.5638,111.9996
2016-02-04,111.115,109.813
2016-02-05,108.839,103.4324
2016-02-08,99.7948,99.1388
2016-02-09,96.5448,98.9301
2016-02-10,100.9278,100.3812
2016-02-11,98.9898,101.2856
2016-02-12,103.1044,101.385
2016-02-16,103.164,100.9874
2016-02-17,101.3949,104.5554
2016-02-18,105.1518,102.8361
2016-02-19,101.9217,103.9293
2016-02-22,104.8437,106.5034
2016-02-23,106.1953,104.8139
2016-02-24,103.5715,106.2252
2016-02-25,106.4537,107.4079
2016-02-26,108.034,107.2588
2016-02-29,106.9407,106.2649
2016-03-01,107.1693,109.1471
2016-03-02,109.008,109.2763
2016-03-03,109.5745,108.9086
2016-03-04,109.3757,107.7259
2016-03-07,107.4079,105.0822
2016-03-08,104.138,105.281
2016-03-09,106.0462,106.8513
2016-03-10,107.2488,106.6624
2016-03-11,107.8153,108.7396
2016-03-14,108.6104,109.2167
2016-03-15,108.4415,109.9919
2016-03-16,109.813,111.4927
2016-03-17,111.4629,110.3398
2016-03-18,110.8765,110.7672
2016-03-21,110.9759,111.1647
2016-03-22,110.6777,111.5623
2016-03-23,111.3237,111.8505
2016-03-24,111.443,112.3574
2016-03-28,112.6257,112.9934
2016-03-29,113.1326,115.4284
2016-03-30,116.0148,113.9972
2016-03-31,113.9972,113.4009
2016-04-01,113.0531,115.3489
2016-04-04,113.3711,111.8604
2016-04-05,111.4231,111.5324
2016-04-06,111.7809,113.0133
2016-04-07,113.0928,112.9437
2016-04-08,113.55,109.9522
2016-04-11,110.0217,108.3222
2016-04-12,108.6701,109.9323
2016-04-13,111.5424,109.8329
2016-04-14,109.9423,110.1609
2016-04-15,110.1112,108.9683
2016-04-18,109.0676,109.7733
2016-04-19,110.4193,111.602
2016-04-20,111.7411,111.7312
2016-04-21,111.8604,112.745
2016-04-22,110.5286,109.8826
2016-04-25,109.1968,109.4254
2016-04-26,109.813,108.0936
2016-04-27,107.2787,108.2228
2016-04-28,118.8473,116.0148
2016-04-29,116.1043,116.8596
2016-05-02,117.1081,117.8435
2016-05-03,116.8,116.7105
2016-05-04,115.8955,117.3367
2016-05-05,117.3168,117.0882
2016-05-06,116.4422,118.7579
2016-05-09,118.8076,118.5094
2016-05-10,118.8871,119.7617
2016-05-11,119.6723,118.7877
2016-05-12,119.2449,119.5431
2016-05-13,119.6424,119.0759
2016-05-16,118.6486,117.9429
2016-05-17,118.092,116.631
2016-05-18,116.0844,116.9292
2016-05-19,116.3328,116.0943
2016-05-20,116.2434,116.631
2016-05-23,116.7006,115.2595
2016-05-24,115.5278,116.9789
2016-05-25,117.4062,117.1677
2016-05-26,117.5155,118.738
2016-05-27,118.8275,118.6486
2016-05-31,118.7281,118.0821
2016-06-01,117.774,118.0522
2016-06-02,117.9628,118.2013
2016-06-03,118.251,117.7442
2016-06-06,117.8932,118.0622
2016-06-07,118.5094,117.0385
2016-06-08,117.0385,117.6646
2016-06-09,117.4062,117.8336
2016-06-10,116.8198,115.9055
2016-06-13,114.2954,113.2518
2016-06-14,113.3711,114.2358
2016-06-15,114.5936,113.8979
2016-06-16,113.1723,113.6891
2016-06-17,113.7189,112.3275
2016-06-20,113.0729,112.6754
2016-06-21,113.4208,113.6792
2016-06-22,113.9476,113.2121
2016-06-23,113.6693,114.3749
2016-06-24,110.3298,111.3933
2016-06-27,110.8864,108.3023
2016-06-28,109.9522,112.0095
2016-06-29,112.6754,113.4606
2016-06-30,113.9674,113.5798
2016-07-01,113.5003,113.4904
2016-07-05,113.2419,113.5003
2016-07-06,112.6654,115.985
2016-07-07,115.9154,115.1402
2016-07-08,115.7166,116.5217
2016-07-11,116.9888,117.1478
2016-07-12,117.9032,117.2075
2016-07-13,117.6646,116.0645
2016-07-14,116.7801,116.5714
2016-07-15,117.0186,116.144
2016-07-18,116.6012,118.6386
2016-07-19,118.2609,119.871
2016-07-20,120.5071,121.173
2016-07-21,121.173,119.871
2016-07-22,119.1654,120.2586
2016-07-25,120.6462,120.8848
2016-07-26,121.2525,120.4773
2016-07-27,121.6699,122.5843
2016-07-28,126.7387,124.2341
2016-07-29,123.8863,123.1806
2016-08-01,123.0912,123.5483
2016-08-02,123.2999,122.3358
2016-08-03,122.3358,121.7594
2016-08-04,122.1868,123.5981
2016-08-05,124.2143,124.3832
2016-08-08,124.4826,124.4925
2016-08-09,124.572,124.2938
2016-08-10,124.3037,124.1149
2016-08-11,124.4329,124.1347
2016-08-12,123.936,124.1149
2016-08-15,124.1447,123.1409
2016-08-16,122.7433,122.5445
2016-08-17,122.9023,123.608
2016-08-18,123.2502,123.1508
2016-08-19,122.8427,122.803
2016-08-22,122.5744,123.3893
2016-08-23,123.7471,123.608
2016-08-24,123.7074,122.7234
2016-08-25,122.3657,123.1309
2016-08-26,123.29,124.1944
2016-08-29,123.5881,125.7647
2016-08-30,125.8243,125.069
2016-08-31,124.8305,125.3473
2016-09-01,125.6057,125.397
2016-09-02,126.0728,125.7349
2016-09-06,125.8939,128.9351
2016-09-07,129.2432,130.2471
2016-09-08,130.1179,129.4718
2016-09-09,128.9153,126.3213
2016-09-12,125.1882,127.9015
2016-09-13,127.2456,126.4306
2016-09-14,126.1126,126.9872
2016-09-15,127.1959,127.5636
2016-09-16,127.4145,128.2792
2016-09-19,129.114,127.8617
2016-09-20,127.8618,127.8518
2016-09-21,128.3389,129.1439
2016-09-22,129.7004,129.283
2016-09-23,126.7784,127.176
2016-09-26,126.5896,126.53
2016-09-27,126.8281,127.9015
2016-09-28,128.4184,128.4382
2016-09-29,128.3885,127.3052
2016-09-30,127.2456,127.4841
2016-10-03,127.5934,127.981
2016-10-04,128.3786,127.4046
2016-10-05,127.4642,127.6829
2016-10-06,127.6431,127.9512
2016-10-07,128.2494,128.1997
2016-10-10,128.8854,129.442
2016-10-11,129.4321,128.0903
2016-10-12,128.2196,128.2593
2016-10-13,127.4245,127.0368
2016-10-14,127.7028,127.0965
2016-10-17,127.4145,126.7586
2016-10-18,127.8916,127.7822
2016-10-19,127.9512,129.3128
2016-10-20,129.2731,129.2035
2016-10-21,128.9849,131.2608
2016-10-24,131.9068,132.4634
2016-10-25,132.682,131.4794
2016-10-26,130.8334,130.2371
2016-10-27,130.9328,128.8954
2016-10-28,129.7004,130.4856
2016-10-31,131.2012,130.1874
2016-11-01,130.6048,128.7065
2016-11-02,129.4321,126.3908
2016-11-03,121.2525,119.2648
2016-11-04,118.8573,120.0102
2016-11-07,122.0774,121.4016
2016-11-08,121.2823,123.4589
2016-11-09,120.7556,122.4253
2016-11-10,123.1707,120.0599
2016-11-11,118.7976,118.2908
2016-11-14,118.4001,114.3749
2016-11-15,116.0148,116.4819
2016-11-16,113.7786,115.6272
2016-11-17,116.0943,117.0683
2016-11-18,117.6646,116.303
2016-11-21,117.4758,121.0239
2016-11-22,121.6501,120.7258
2016-11-23,120.4872,120.0996
2016-11-25,120.2686,119.6424
2016-11-28,119.384,119.6723
2016-11-29,119.8313,120.1294
2016-11-30,119.5828,117.6944
2016-12-01,117.6547,114.3948
2016-12-02,114.4047,114.693
2016-12-05,115.2396,116.7105
2016-12-06,116.9689,116.5912
2016-12-07,116.2831,117.2273
2016-12-08,117.2571,118.1814
2016-12-09,118.4895,118.9467
2016-12-12,118.4895,117.0484
2016-12-13,117.1379,119.5729
2016-12-14,119.2648,119.4735
2016-12-15,119.3443,119.8313
2016-12-16,120.1593,119.1356
2016-12-19,119.1157,118.5094
2016-12-20,118.7678,118.3603
2016-12-21,118.1914,118.3107
2016-12-22,118.1317,116.6807
2016-12-23,116.2831,116.5515
2016-12-27,116.2434,117.287
2016-12-28,117.4659,116.2036
2016-12-29,116.2831,115.6371
2016-12-30,115.8856,114.3451
2017-01-03,115.3191,116.144
2017-01-04,116.8298,117.9628
2017-01-05,118.1317,119.9307
2017-01-06,120.2388,122.6539
2017-01-09,122.793,124.1347
2017-01-10,124.0552,123.5881
2017-01-11,123.5881,125.3175
2017-01-12,124.8404,125.8442
2017-01-13,126.7089,127.5537
2017-01-17,127.2555,127.0865
2017-01-18,127.6232,127.1362
2017-01-19,127.4443,126.7685
2017-01-20,127.3151,126.2616
2017-01-23,126.53,128.14
2017-01-24,128.5873,128.5773
2017-01-25,129.2035,130.6744
2017-01-26,130.8235,131.9665
2017-01-27,131.8671,131.3701
2017-01-30,130.7738,130.1775
2017-01-31,129.3725,129.5215
2017-02-01,131.4397,132.4137
2017-02-02,132.4038,130.0383
2017-02-03,130.4359,130.1775
2017-02-06,130.1775,131.2509
2017-02-07,131.4298,131.0322
2017-02-08,131.7876,133.3778
2017-02-09,133.666,133.3181
2017-02-10,133.2784,133.3678
2017-02-13,133.8747,133.2287
2017-02-14,133.2784,133.0299
2017-02-15,132.6324,132.6224
2017-02-16,132.2547,133.02
2017-02-17,132.6821,132.7119
2017-02-21,132.6821,132.9007
2017-02-22,132.7814,135.286
2017-02-23,135.0574,134.5306
2017-02-24,133.338,134.6102
2017-02-27,134.4313,135.5742
2017-02-28,135.9519,134.7095
2017-03-01,135.6339,136.578
2017-03-02,136.2501,135.9221
2017-03-03,135.7929,136.3296
2017-03-06,136.0414,136.578
2017-03-07,136.1904,136.4588
2017-03-08,136.3097,136.8762
2017-03-09,136.8762,137.393
2017-03-10,138.0589,137.9396
2017-03-13,137.8601,138.7447
2017-03-14,138.6055,138.4664
2017-03-15,138.4366,138.864
2017-03-16,139.341,139.1323
2017-03-17,139.4801,138.9832
2017-03-20,138.854,139.0826
2017-03-21,140.2852,137.6613
2017-03-22,137.0849,138.7347
2017-03-23,138.6254,138.6751
2017-03-24,139.2217,139.4801
2017-03-27,138.198,139.4603
2017-03-28,139.5,140.8914
2017-03-29,141.12,141.776
2017-03-30,141.5275,141.5375
2017-03-31,141.4381,141.1797
2017-04-03,141.0604,141.4083
2017-04-04,140.9908,140.8616
2017-04-05,141.3884,140.9809
2017-04-06,141.2393,140.3051
2017-04-07,140.3349,139.9174
2017-04-10,140.1361,140.1758
2017-04-11,139.9373,139.0627
2017-04-12,138.8639,138.7248
2017-04-13,138.7645,138.5359
2017-04-17,138.9037,140.5535
2017-04-18,140.4045,140.0964
2017-04-19,140.484,141.3983
2017-04-20,142.0741,142.9189
2017-04-21,143.0184,142.7997
2017-04-24,144.0719,144.5787
2017-04-25,144.8967,145.5925
2017-04-26,146.1888,145.662
2017-04-27,145.7714,146.7951
2017-04-28,148.584,149.3294
2017-05-01,150.8103,151.5259
2017-05-02,152.4005,151.8439
2017-05-03,152.6589,150.8699
2017-05-04,149.2499,149.9258
2017-05-05,150.5221,149.3195
2017-05-08,149.7866,150.1345
2017-05-09,150.5618,149.558
2017-05-10,149.3095,149.3692
2017-05-11,149.389,149.1207
2017-05-12,149.4785,149.4089
2017-05-15,149.2499,149.2698
2017-05-16,149.1903,148.8623
2017-05-17,147.0932,143.9625
2017-05-18,143.8333,146.7553
2017-05-19,147.5405,147.1528
2017-05-22,147.1727,147.3317
2017-05-23,147.61,147.1628
2017-05-24,147.6001,149.1207
2017-05-25,149.3791,151.0289
2017-05-26,151.2973,151.1979
2017-05-30,151.0389,151.4464
2017-05-31,151.7644,150.532
2017-06-01,150.8202,150.6016
2017-06-02,150.9196,152.6688
2017-06-05,152.6987,152.6887
2017-06-06,152.47,151.8737
2017-06-07,152.3309,152.1819
2017-06-08,153.136,153.7621
2017-06-09,153.8217,148.6834
2017-06-12,147.2622,147.5305
2017-06-13,149.23,149.7568
2017-06-14,150.3332,149.3294
2017-06-15,146.7652,148.8822
2017-06-16,148.6735,149.717
2017-06-19,150.7805,151.9334
2017-06-20,151.9433,151.3172
2017-06-21,151.4265,152.967
2017-06-22,152.0725,152.4601
2017-06-23,151.7843,154.1199
2017-06-26,155.2927,152.649
2017-06-27,151.9036,149.6574
2017-06-28,149.9953,152.3011
2017-06-29,151.347,150.1146
2017-06-30,150.9693,150.055
2017-07-03,150.7904,147.5206
2017-07-05,148.0871,149.4189
2017-07-06,148.1169,147.9082
2017-07-07,148.3356,150.5121
2017-07-10,150.7606,152.5595
2017-07-11,152.4303,154.3187
2017-07-12,155.5312,157.9264
2017-07-13,157.7674,158.2842
2017-07-14,159.1489,158.9899
2017-07-17,159.2681,158.7513
2017-07-18,158.6818,161.8622
2017-07-19,162.5877,163.1343
2017-07-20,163.7903,163.5219
2017-07-21,163.1542,163.4225
2017-07-24,163.6312,164.9829
2017-07-25,163.999,164.2673
2017-07-26,164.9929,164.5953
2017-07-27,173.6296,169.3957
2017-07-28,168.0341,171.3934
2017-07-31,170.9461,168.213
2017-08-01,168.7795,168.8193
2017-08-02,169.2566,168.2627
2017-08-03,168.2627,167.5571
2017-08-04,167.9347,168.5807
2017-08-07,168.9087,170.9263
2017-08-08,170.8269,170.1809
2017-08-09,168.9386,170.1312
2017-08-10,169.018,166.3743
2017-08-11,166.921,167.0502
2017-08-14,169.0479,169.7038
2017-08-15,170.4393,169.9523
2017-08-16,170.2008,168.9584
2017-08-17,168.3025,165.8874
2017-08-18,165.8178,166.3843
2017-08-21,166.1358,166.752
2017-08-22,167.2489,168.6006
2017-08-23,167.8055,167.6763
2017-08-24,167.8453,166.7123
2017-08-25,166.8315,165.3009
2017-08-28,165.8874,166.2153
2017-08-29,164.2375,167.0204
2017-08-30,167.1396,168.8789
2017-08-31,169.356,170.9164
2017-09-01,171.3437,170.9661
2017-09-05,170.2206,169.674
2017-09-06,169.8629,171.0356
2017-09-07,170.8865,172.1488
2017-09-08,172.0295,169.9026
2017-09-11,171.3437,172.4469
2017-09-12,172.6954,171.9003
2017-09-13,171.95,171.9897
2017-09-14,171.2045,169.9125
2017-09-15,169.833,170.5884
2017-09-18,170.9362,168.9684
2017-09-19,169.5746,171.463
2017-09-20,171.4431,171.1151
2017-09-21,170.6381,170.0616
2017-09-22,169.1672,169.4951
2017-09-25,168.2031,161.8721
2017-09-26,163.4921,163.2039
2017-09-27,164.8835,166.6526
2017-09-28,166.911,167.6962
2017-09-29,167.7956,169.8231
2017-10-02,170.3399,168.4317
2017-10-03,168.2627,168.9187
2017-10-04,168.7895,167.3881
2017-10-05,168.1434,170.1908
2017-10-06,169.2069,171.1747
2017-10-09,171.6419,171.4431
2017-10-10,171.94,170.5387
2017-10-11,170.8965,171.6816
2017-10-12,171.5524,171.4928
2017-10-13,172.3873,172.6755
2017-10-16,173.4209,173.4507
2017-10-17,173.6396,175.031
2017-10-18,175.5677,174.9515
2017-10-19,173.8582,173.4905
2017-10-20,174.4247,173.9079
2017-10-23,174.1266,170.2206
2017-10-24,171.2443,170.7474
2017-10-25,170.8468,169.5547
2017-10-26,170.33,169.5846
2017-10-27,173.083,176.7901
2017-10-30,178.1617,178.7679
2017-10-31,179.4636,178.9568
2017-11-01,181.2427,181.5409
2017-11-02,179.5233,177.8238
2017-11-03,178.1915,177.8238
2017-11-06,177.4659,179.0661
2017-11-07,179.3941,179.1456
2017-11-08,178.6884,178.4598
2017-11-09,177.2175,178.2014
2017-11-10,177.2573,177.3666
2017-11-13,176.4125,177.6747
2017-11-14,177.0386,176.979
2017-11-15,175.5776,176.8597
2017-11-16,177.6648,178.4897
2017-11-17,178.2014,177.9033
2017-11-20,177.7741,177.6449
2017-11-21,178.0524,180.7458
2017-11-22,180.1892,179.7618
2017-11-24,179.2947,181.6601
2017-11-27,181.4415,181.9086
2017-11-28,182.3856,181.3023
2017-11-29,180.7756,174.057
2017-11-30,175.7665,176.0944
2017-12-01,174.9515,174.0272
2017-12-04,175.2099,170.4194
2017-12-05,169.4057,171.7711
2017-12-06,171.4431,174.9813
2017-12-07,174.7229,179.0363
2017-12-08,180.4178,177.9033
2017-12-11,178.2014,177.943
2017-12-12,177.5057,175.8758
2017-12-13,176.2137,177.2076
2017-12-14,177.1976,177.297
2017-12-15,177.9232,179.076
2017-12-18,179.901,179.7121
2017-12-19,178.8474,178.4101
2017-12-20,178.7083,176.8001
2017-12-21,176.8498,176.3628
2017-12-22,176.0547,176.1143
2017-12-26,175.5478,174.9117
2017-12-27,175.4683,176.5317
2017-12-28,176.8597,176.8299
2017-12-29,176.9094,175.3788
2018-01-02,176.5913,180.3084
2018-01-03,180.7656,183.5385
2018-01-04,183.7671,183.2006
2018-01-05,184.4529,185.7052
2018-01-08,186.053,187.1264
2018-01-09,187.5438,186.7189
2018-01-10,185.7946,186.6891
2018-01-11,187.2457,186.6196
2018-01-12,176.969,178.271
2018-01-16,180.388,177.297
2018-01-17,178.1617,176.5119
2018-01-18,177.0386,178.6984
2018-01-19,179.742,180.1792
2018-01-22,179.6923,184.2343
2018-01-23,184.9101,188.1899
2018-01-24,188.7266,185.407
2018-01-25,186.7985,186.3313
2018-01-26,186.5997,188.8359
2018-01-29,187.5936,184.8405
2018-01-30,186.4705,185.9735
2018-01-31,187.2159,185.7449
2018-02-01,187.0668,191.907
2018-02-02,190.8634,189.1142
2018-02-05,185.7847,180.1494
2018-02-06,177.4759,184.1746
2018-02-07,183.0217,179.076
2018-02-08,179.9009,170.5287
2018-02-09,173.6893,175.031
2018-02-12,175.9752,175.3291
2018-02-13,174.544,172.0891
2018-02-14,172.3873,178.4201
2018-02-15,179.3941,178.8574
2018-02-16,177.8933,176.2733
2018-02-20,174.6931,174.9316
2018-02-21,175.6273,176.82
2018-02-22,177.6051,177.8933
2018-02-23,178.7978,182.167
2018-02-26,183.4491,183.7969
2018-02-27,183.3199,180.3482
2018-02-28,181.1831,177.2274
2018-03-01,177.9132,174.862
2018-03-02,172.2282,175.5378
2018-03-05,175.1204,179.2947
2018-03-06,180.6663,178.6785
2018-03-07,177.6449,182.5844
2018-03-08,182.4354,181.2228
2018-03-09,182.7832,184.0951
2018-03-12,184.0951,183.628
2018-03-13,184.4728,180.7656
2018-03-14,181.4812,183.0615
2018-03-15,182.1173,182.7335
2018-03-16,183.3596,183.956
2018-03-19,175.9255,171.5027
2018-03-20,166.4439,167.1198
2018-03-21,163.7903,168.3522
2018-03-22,165.1121,163.8797
2018-03-23,164.4263,158.4134
2018-03-26,159.8347,159.0793
2018-03-27,155.3523,151.2873
2018-03-28,150.7209,152.0924
2018-03-29,154.1994,158.811
2018-04-02,156.8431,154.4379
2018-04-03,155.5908,155.1535
2018-04-04,151.0985,154.1497
2018-04-05,160.5701,158.3637
2018-04-06,156.7636,156.2368
2018-04-09,156.853,156.9624
2018-04-10,156.9624,164.0288
2018-04-11,164.3468,165.3009
2018-04-12,165.9569,162.866
2018-04-13,163.5716,163.512
2018-04-16,164.7047,163.8201
2018-04-17,164.814,167.6266
2018-04-18,165.8575,165.3407
2018-04-19,165.1817,167.0701
2018-04-20,166.762,165.2612
2018-04-23,166.2451,164.8239
2018-04-24,164.4164,158.7116
2018-04-25,159.1588,158.7116
2018-04-26,172.1587,173.093
2018-04-27,175.7267,172.5264
2018-04-30,172.7252,170.9462
2018-05-01,170.9462,172.7948
2018-05-02,173.1824,174.9913
2018-05-03,174.057,172.9538
2018-05-04,172.0196,175.5279
2018-05-07,176.2634,176.8796
2018-05-08,177.1579,177.8238
2018-05-09,178.5692,181.5409
2018-05-10,182.0279,184.3933
2018-05-11,183.7174,185.8443
2018-05-14,186.5599,185.4965
2018-05-15,183.7472,183.1907
2018-05-16,182.5745,182.0776
2018-05-17,181.5607,182.6341
2018-05-18,182.3658,181.5607
2018-05-21,182.6441,183.3596
2018-05-22,183.797,182.6739
2018-05-23,181.3818,185.7549
2018-05-24,184.7411,184.7908
2018-05-25,184.8803,183.787
2018-05-29,183.2106,184.602
2018-05-30,185.3971,186.5202
2018-05-31,186.7189,190.605
2018-06-01,191.8871,192.8014
2018-06-04,190.6646,192.0958
2018-06-05,193.1095,191.7579
2018-06-06,189.8596,190.1677
2018-06-07,189.5813,187.027
2018-06-08,186.381,187.9414
2018-06-11,187.6532,190.3664
2018-06-12,190.9926,191.2212
2018-06-13,191.5591,191.2311
2018-06-14,191.9169,195.6041
2018-06-15,194.5904,194.6501
2018-06-18,193.6065,197.095
2018-06-19,195.0377,196.28
2018-06-20,197.8801,200.7624
2018-06-21,201.5177,200.2654
2018-06-22,199.9275,200.504
2018-06-25,198.7746,195.147
2018-06-26,196.3893,197.7807
2018-06-27,197.9596,194.6401
2018-06-28,193.9841,195.0277
2018-06-29,196.111,193.1294
2018-07-02,192.1852,196.1508
2018-07-03,193.358,191.5491
2018-07-05,193.5469,197.2341
2018-07-06,197.2341,201.9848
2018-07-09,203.6744,203.4856
2018-07-10,203.247,202.2929
2018-07-11,200.981,201.299
2018-07-12,202.1836,205.6522
2018-07-13,206.5368,206.0498
2018-07-16,206.2286,205.9603
2018-07-17,203.6446,208.7034
2018-07-18,208.5344,208.0773
2018-07-19,207.4909,206.815
2018-07-20,207.5704,208.6537
2018-07-23,209.2898,209.6178
2018-07-24,213.7921,213.3548
2018-07-25,214.3983,216.1674
2018-07-26,173.8185,175.1801
2018-07-27,178.7679,173.8185
2018-07-30,174.2259,170.0119
2018-07-31,169.6243,171.5226
2018-08-01,172.8644,170.5983
2018-08-02,169.6343,175.2894
2018-08-03,176.6013,176.6908
2018-08-06,177.8735,184.5523
2018-08-07,185.3573,182.6838
2018-08-08,183.618,184.0454
2018-08-09,184.7113,181.9682
2018-08-10,180.9246,179.1555
2018-08-13,178.9966,178.9469
2018-08-14,179.6028,180.0004
2018-08-15,178.2412,178.43
2018-08-16,179.3146,173.6296
2018-08-17,173.4308,172.7351
2018-08-20,172.9737,171.4431
2018-08-21,171.7512,171.5624
2018-08-22,171.1549,172.5761
2018-08-23,172.0295,171.8407
2018-08-24,172.6357,173.5799
2018-08-27,174.9117,176.3727
2018-08-28,177.0088,175.1801
2018-08-29,175.2198,174.8223
2018-08-30,174.8223,176.5516
2018-08-31,176.0646,174.6533
2018-09-04,172.437,170.1113
2018-09-05,168.4515,166.1557
2018-09-06,165.9569,161.5342
2018-09-07,159.3278,162.041
2018-09-10,162.5082,163.1741
2018-09-11,162.9355,164.9233
2018-09-12,162.2498,161.0074
2018-09-13,161.0074,160.3714
2018-09-14,160.7291,161.3255
2018-09-17,160.9279,159.5961
2018-09-18,158.4134,159.3178
2018-09-19,159.0992,162.061
2018-09-20,163.4921,165.0028
2018-09-21,165.619,161.9317
2018-09-24,160.0434,164.3965
2018-09-25,160.9975,163.8996
2018-09-26,163.2934,165.9271
2018-09-27,166.5234,167.8055
2018-09-28,167.2987,163.4524
2018-10-01,162.0311,161.4447
2018-10-02,160.59,158.3538
2018-10-03,159.0197,161.4348
2018-10-04,160.4707,157.8767
2018-10-05,158.2345,156.366
2018-10-08,154.587,156.2865
2018-10-09,156.7238,156.9325
2018-10-10,155.8592,150.4525
2018-10-11,149.2102,152.4104
2018-10-12,155.7697,152.798
2018-10-15,152.3806,152.5794
2018-10-16,154.4479,157.8072
2018-10-17,158.5824,158.4432
2018-10-18,157.5388,153.9708
2018-10-19,154.9051,153.1062
2018-10-22,153.8118,153.8316
2018-10-23,150.2935,153.4441
2018-10-24,153.3347,145.1452
2018-10-25,146.8249,150.0251
2018-10-26,144.9266,144.4793
2018-10-29,147.5902,141.2194
2018-10-30,139.0826,145.3241
2018-10-31,154.0503,150.86
2018-11-01,150.5917,150.8203
2018-11-02,150.8699,149.4288
2018-11-05,149.1804,147.769
2018-11-06,148.3952,149.0213
2018-11-07,150.6413,150.6016
2018-11-08,149.5679,146.964
2018-11-09,145.8508,144.0718
2018-11-12,143.5948,140.6827
2018-11-13,141.13,141.289
2018-11-14,142.8196,143.3364
2018-11-15,141.458,142.9686
2018-11-16,140.2057,138.6751
2018-11-19,136.7669,130.744
2018-11-20,126.2517,131.6186
2018-11-21,133.5765,133.994
2018-11-23,132.8311,130.9229
2018-11-26,132.1851,135.5444
2018-11-27,134.9183,134.1729
2018-11-28,135.445,135.9221
2018-11-29,135.0872,137.8303
2018-11-30,137.4129,139.7485
2018-12-03,142.1238,140.2255
2018-12-04,139.8677,137.0849
2018-12-06,133.0001,138.7745
2018-12-07,138.3968,136.578
2018-12-10,138.7447,140.9809
2018-12-11,142.9985,141.2095
2018-12-12,142.2034,143.6147
2018-12-13,144.6781,144.1215
2018-12-14,142.4618,143.1774
2018-12-17,142.2034,139.3311
2018-12-18,140.2156,142.7798
2018-12-19,140.3448,132.4237
2018-12-20,129.8992,132.5827
2018-12-21,132.5727,124.1844
2018-12-24,122.3458,123.2999
2018-12-26,125.228,133.3579
2018-12-27,131.6285,133.6958
2018-12-28,134.5108,132.3839
2018-12-31,133.6262,130.2868
2019-01-02,128.1997,134.8487
2019-01-03,133.8647,130.9328
2019-01-04,133.1889,137.1048
2019-01-07,136.7172,137.2042
2019-01-08,139.0329,141.6567
2019-01-09,142.0741,143.3463
2019-01-10,142.2034,143.3165
2019-01-11,142.2729,142.9189
2019-01-14,141.13,144.4992
2019-01-15,145.1154,148.0374
2019-01-16,148.0871,146.636
2019-01-17,146.0496,147.3914
2019-01-18,148.8325,149.1207
2019-01-22,148.2859,146.6659
2019-01-23,147.3715,143.4159
2019-01-24,143.7538,144.9365
2019-01-25,146.5764,148.097
2019-01-28,147.1429,146.5665
2019-01-29,147.1827,143.3066
2019-01-30,145.3241,149.4984
2019-01-31,164.5854,165.6687
2019-02-01,164.8239,164.6947
2019-02-04,164.6847,168.213
2019-02-05,168.1136,170.1113
2019-02-06,170.1511,169.4454
2019-02-07,167.1695,165.3606
2019-02-08,163.4623,166.3048
2019-02-11,166.8713,164.7742
2019-02-12,165.8377,164.0288
2019-02-13,164.3667,163.0648
2019-02-14,162.1901,162.9455
2019-02-15,163.502,161.5044
2019-02-19,159.5166,161.2956
2019-02-20,161.2559,161.564
2019-02-21,160.9378,159.0594
2019-02-22,159.5961,160.8981
2019-02-25,162.0709,163.6114
2019-02-26,163.3331,163.1244
2019-02-27,161.9019,161.8125
2019-02-28,161.3752,160.4608
2019-03-01,161.6038,161.2857
2019-03-04,162.8958,166.3445
2019-03-05,166.3445,170.2107
2019-03-06,171.8406,171.453
2019-03-07,170.4492,168.0938
2019-03-08,165.1817,168.5609
2019-03-11,170.5486,171.0157
2019-03-12,171.0356,170.8667
2019-03-13,171.2642,172.3078
2019-03-14,168.7199,169.1274
2019-03-15,166.1358,164.963
2019-03-18,162.5678,159.4868
2019-03-19,160.4906,160.5801
2019-03-20,160.5105,164.4263
2019-03-21,163.8797,165.0624
2019-03-22,164.6351,163.3331
2019-03-25,162.0013,165.2711
2019-03-26,166.3247,166.6526
2019-03-27,166.8216,164.8537
2019-03-28,163.5617,164.5357
2019-03-29,165.3706,165.6687
2019-04-01,166.8017,167.6664
2019-04-02,169.0976,173.1327
2019-04-03,173.4309,172.4767
2019-04-04,174.9415,174.9415
2019-04-05,175.7963,174.6434
2019-04-08,174.1365,173.8582
2019-04-09,174.544,176.492
2019-04-10,177.0883,176.7305
2019-04-11,177.1479,176.4224
2019-04-12,176.9094,178.0027
2019-04-15,177.4063,178.5493
2019-04-16,177.9033,177.7741
2019-04-17,178.4996,177.6846
2019-04-18,177.7045,177.1877
2019-04-22,177.1579,180.3283
2019-04-23,181.6204,182.654
2019-04-24,183.3597,181.4613
2019-04-25,195.7731,192.0759
2019-04-26,191.3206,190.3168
2019-04-29,189.78,193.5866
2019-04-30,193.0002,192.2151
2019-05-01,193.5866,191.8473
2019-05-02,191.8175,191.3504
2019-05-03,193.1891,194.2724
2019-05-06,190.0683,192.6921
2019-05-07,191.3603,188.6073
2019-05-08,188.2296,188.3787
2019-05-09,186.053,187.4942
2019-05-10,187.0966,187.1861
2019-05-13,182.3757,180.4277
2019-05-14,181.4017,179.6227
2019-05-15,179.3146,185.1287
2019-05-16,183.9162,185.8443
2019-05-17,183.7075,184.1647
2019-05-20,180.7656,181.6005
2019-05-21,183.4392,183.6876
2019-05-22,183.5982,184.1846
2019-05-23,181.3023,179.7618
2019-05-24,181.2129,179.9507
2019-05-28,180.4277,183.1807
2019-05-29,182.3757,181.0737
2019-05-30,181.9583,181.8887
2019-05-31,179.1754,176.3826
2019-06-03,173.9278,163.1443
2019-06-04,162.707,166.4737
2019-06-05,166.4539,167.1396
2019-06-06,167.2688,167.2986
2019-06-07,169.1273,172.2879
2019-06-10,173.6793,173.7489
2019-06-11,177.3865,177.0088
2019-06-12,177.2871,173.9675
2019-06-13,174.4545,176.3826
2019-06-14,179.404,180.219
2019-06-17,183.8765,187.8519
2019-06-18,192.8113,187.3152
2019-06-19,185.8543,186.3313
2019-06-20,189.7801,188.3688
2019-06-21,187.5935,189.9689
2019-06-24,191.2411,191.42
2019-06-25,191.6983,187.683
2019-06-26,188.3787,186.5102
2019-06-27,188.7166,188.3389
2019-06-28,189.3825,191.8175
2019-07-01,194.014,191.8175
2019-07-02,191.8175,193.8052
2019-07-03,192.9704,195.9918
2019-07-05,194.978,195.1967
2019-07-08,193.9941,194.5606
2019-07-09,193.7754,197.9895
2019-07-10,198.7746,201.4879
2019-07-11,202.0146,199.9971
2019-07-12,198.4566,203.6148
2019-07-15,202.9986,202.6607
2019-07-16,202.6408,202.5911
2019-07-17,202.929,200.5636
2019-07-18,198.9237,199.5498
2019-07-19,200.9413,197.1447
2019-07-22,198.6852,201.0804
2019-07-23,201.5972,201.1201
2019-07-24,196.4191,203.4061
2019-07-25,205.4336,199.4803
2019-07-26,198.9634,198.5261
2019-07-29,197.7807,194.7395
2019-07-30,194.1929,195.8328
2019-07-31,195.7433,193.0399
2019-08-01,192.9803,191.5491
2019-08-02,189.9291,187.8619
2019-08-05,183.5584,180.6165
2019-08-06,182.5645,183.3795
2019-08-07,182.4751,184.0156
2019-08-08,185.4766,188.9949
2019-08-09,188.8359,186.6991
2019-08-12,185.7052,184.2343
2019-08-13,184.3833,187.2953
2019-08-14,184.6616,178.6089
2019-08-15,179.8413,181.4713
2019-08-16,182.6242,182.5745
2019-08-19,184.8703,185.0294
2019-08-20,184.3137,182.6838
2019-08-21,183.8665,182.4254
2019-08-22,182.3061,180.9247
2019-08-23,179.732,176.6609
2019-08-26,178.3008,179.2549
2019-08-27,180.8153,180.1892
2019-08-28,179.4239,180.6463
2019-08-29,182.6441,184.433
2019-08-30,185.6356,184.5324
2019-09-03,182.8726,181.2725
2019-09-04,183.5187,185.9934
2019-09-05,187.3749,189.7304
2019-09-06,189.0446,186.3413
2019-09-09,186.5798,187.6035
2019-09-10,186.2916,185.0294
2019-09-11,185.3176,187.3351
2019-09-12,188.6967,186.3214
2019-09-13,186.1822,186.0431
2019-09-16,185.7847,185.079
2019-09-17,185.5163,186.9276
2019-09-18,186.9376,186.9873
2019-09-19,187.5041,188.975
2019-09-20,189.4918,188.7663
2019-09-23,188.1799,185.6754
2019-09-24,186.8283,180.1693
2019-09-25,180.3383,181.68
2019-09-26,180.219,179.0065
2019-09-27,179.3841,176.0149
2019-09-30,176.7802,176.9889
2019-10-01,178.0524,174.7328
2019-10-02,173.7687,173.5302
2019-10-03,174.4943,178.2809
2019-10-04,178.4499,179.3444
2019-10-07,178.8971,178.5791
2019-10-08,177.1678,176.6609
2019-10-09,178.0623,178.748
2019-10-10,179.2152,178.927
2019-10-11,181.034,183.0615
2019-10-14,183.0714,182.1571
2019-10-15,182.6739,187.7327
2019-10-16,187.1662,188.3886
2019-10-17,189.1341,189.2235
2019-10-18,189.0645,184.7113
2019-10-21,185.894,188.5973
2019-10-22,188.8359,181.2228
2019-10-23,180.8948,185.0095
2019-10-24,183.4889,185.2381
2019-10-25,184.6914,186.7388
2019-10-28,186.053,188.2395
2019-10-29,190.5155,188.1501
2019-10-30,188.3986,187.0966
2019-10-31,195.4948,190.4758
2019-11-01,191.6684,192.4337
2019-11-04,193.358,193.527
2019-11-05,194.173,193.1294
2019-11-06,192.8412,190.3764
2019-11-07,190.7342,189.2533
2019-11-08,188.8359,189.6707
2019-11-11,188.7663,188.4483
2019-11-12,188.8359,193.2785
2019-11-13,193.5071,192.0063
2019-11-14,191.7479,191.9666
2019-11-15,193.0698,193.9046
2019-11-18,193.3679,196.1905
2019-11-19,196.1905,198.0988
2019-11-20,197.3633,196.2999
2019-11-21,196.2104,196.7173
2019-11-22,197.1645,197.6019
2019-11-25,198.2976,198.5659
2019-11-26,198.7746,197.7509
2019-11-27,198.6752,200.7624
2019-11-29,200.3648,200.4046
2019-12-02,200.8916,198.4765
2019-12-03,196.3893,197.6019
2019-12-04,198.7746,197.4925
2019-12-05,198.6355,198.1385
2019-12-06,199.2716,199.8182
2019-12-09,199.4206,200.1064
2019-12-10,200.4244,199.6393
2019-12-11,199.0529,201.0208
2019-12-12,201.1102,195.5445
2019-12-13,195.1967,192.9207
2019-12-16,194.0736,196.7074
2019-12-17,197.6217,197.1745
2019-12-18,198.8641,201.2593
2019-12-19,201.5376,204.7975
2019-12-20,206.2088,205.036
2019-12-23,205.4336,204.9167
2019-12-24,205.036,203.8633
2019-12-26,204.3105,206.5169
2019-12-27,207.3915,206.825
2019-12-30,206.5865,203.1576
2019-12-31,202.7501,203.9924
2020-01-02,205.4833,208.4947
2020-01-03,205.9404,207.3915
2020-01-06,205.4336,211.2974
2020-01-07,211.5161,211.7546
2020-01-08,211.695,213.9014
2020-01-09,216.2071,216.9625
2020-01-10,217.857,216.724
2020-01-13,218.2545,220.5504
2020-01-14,220.2522,217.7178
2020-01-15,219.2583,219.795
2020-01-16,221.2063,220.4112
2020-01-17,220.6696,220.779
2020-01-21,220.7989,220.0833
2020-01-22,220.9479,219.964
2020-01-23,219.3975,218.4135
2020-01-24,219.4472,216.6047
2020-01-27,211.7944,213.5535
2020-01-28,214.8157,216.4556
2020-01-29,220.0832,221.8623
2020-01-30,205.2646,208.2462
2020-01-31,207.153,200.6729
2020-02-03,202.1935,202.9389
2020-02-04,205.354,208.5444
2020-02-05,211.208,208.8227
2020-02-06,209.1805,209.5582
2020-02-07,209.0115,211.0291
2020-02-10,210.224,211.7546
2020-02-11,208.9022,205.9206
2020-02-12,206.5765,209.4687
2020-02-13,208.2363,211.8341
2020-02-14,212.6888,212.8677
2020-02-18,212.2416,216.4656
2020-02-19,216.6544,216.1575
2020-02-20,215.1934,213.2653
2020-02-21,212.172,208.8922
2020-02-24,200.5636,199.4902
2020-02-25,201.0108,195.5644
2020-02-26,195.9819,195.9918
2020-02-27,190.6447,188.5874
2020-02-28,181.5806,191.2908
2020-03-02,192.8412,195.2364
2020-03-03,195.0178,184.7511
2020-03-04,188.011,190.5851
2020-03-05,185.6356,184.0355
2020-03-06,177.2374,179.9805
2020-03-09,168.5608,168.4615
2020-03-10,173.5998,177.0982
2020-03-11,172.9438,169.1969
2020-03-12,158.5625,153.5236
2020-03-13,162.528,169.2367
2020-03-16,151.3868,145.1154
2020-03-17,149.8164,148.5045
2020-03-18,138.8938,146.0596
2020-03-19,145.7216,152.1918
2020-03-20,155.0641,148.8126
2020-03-23,148.7431,147.1926
2020-03-24,154.259,159.9937
2020-03-25,157.9463,155.2529
2020-03-26,157.2804,162.3392
2020-03-27,157.2307,155.8293
2020-03-30,158.2047,164.9333
2020-03-31,164.4661,165.778
2020-04-01,160.6298,158.6222
2020-04-02,158.1252,157.2208
2020-04-03,156.1872,153.2354
2020-04-06,159.1688,164.5357
2020-04-07,170.7374,167.7956
2020-04-08,170.2008,173.2122
2020-04-09,174.8222,174.1166
2020-04-13,172.6059,173.7191
2020-04-14,177.8834,177.0784
2020-04-15,174.1166,175.8857
2020-04-16,176.8597,175.1701
2020-04-17,178.1021,178.1418
2020-04-20,176.323,177.1479
2020-04-21,174.1763,169.7535
2020-04-22,177.3566,181.1632
2020-04-23,182.9522,183.9957
2020-04-24,182.1074,188.9055
2020-04-27,191.4796,186.3512
2020-04-28,187.5041,181.7893
2020-04-29,189.7602,193.0002
2020-04-30,205.6522,203.4558
2020-05-01,200.3648,201.0307
2020-05-04,198.9734,204.0024
2020-05-05,205.7516,205.8013
2020-05-06,206.8448,207.1927
2020-05-07,209.8663,209.9656
2020-05-08,210.9396,211.049
2020-05-11,209.5979,211.8738
2020-05-12,211.9832,208.8127
2020-05-13,208.1468,203.8434
2020-05-14,201.3189,205.5429
2020-05-15,204.0123,209.588
2020-05-18,210.8502,211.8838
2020-05-19,211.9633,215.5512
2020-05-20,222.1306,228.561
2020-05-21,233.2819,229.9723
2020-05-22,230.0916,233.4707
2020-05-26,238.301,230.7773
2020-05-27,227.6665,227.7361
2020-05-28,222.9257,224.0786
2020-05-29,223.8202,223.7109
2020-06-01,223.2139,230.4891
2020-06-02,229.525,231.2941
2020-06-03,230.6879,228.7498
2020-06-04,228.1535,224.9035
2020-06-05,225.321,229.3561
2020-06-08,227.6267,229.9822
2020-06-09,230.1015,237.2077
2020-06-10,239.4837,235.2796
2020-06-11,228.5312,223.0549
2020-06-12,228.4914,227.1795
2020-06-15,223.7109,231.0755
2020-06-16,235.6871,234.2062
2020-06-17,233.5602,234.0869
2020-06-18,233.5503,234.4944
2020-06-19,236.3331,237.3269
2020-06-22,237.0983,237.7543
2020-06-23,239.8017,240.7558
2020-06-24,239.7222,232.5862
2020-06-25,233.1825,234.236
2020-06-26,231.2146,214.7561
2020-06-29,208.4649,219.2881
2020-06-30,219.2385,225.6788
2020-07-01,227.1,236.0945
2020-07-02,237.5356,231.9898
2020-07-06,232.3277,238.8078
2020-07-07,237.9432,239.3843
2020-07-08,236.6511,242.0876
2020-07-09,243.4989,243.002
2020-07-10,242.1969,243.5685
2020-07-13,245.4966,237.5357
2020-07-14,235.3094,238.2612
2020-07-15,240.07,238.8078
2020-07-16,236.5418,239.4538
2020-07-17,239.5234,240.5471
2020-07-20,238.5892,243.9163
2020-07-21,244.7114,240.2688
2020-07-22,238.7879,238.4003
2020-07-23,238.1618,231.1749
2020-07-24,228.7797,229.2965
2020-07-27,230.0419,232.0694
2020-07-28,233.1924,228.7101
2020-07-29,229.7238,231.8606
2020-07-30,228.8094,233.0632
2020-07-31,254.2526,252.1158
2020-08-03,251.102,250.4163
2020-08-04,250.0187,248.2993
2020-08-05,248.6571,247.5936
2020-08-06,247.5142,263.6547
2020-08-07,262.462,266.7953
2020-08-10,266.3977,261.3886
2020-08-11,258.5958,254.5607
2020-08-12,257.3833,258.2977
2020-08-13,259.9475,259.699
2020-08-14,260.7028,259.6394
2020-08-17,260.8917,259.5599
2020-08-18,259.3512,260.7327
2020-08-19,259.7885,260.9811
2020-08-20,259.8978,267.3618
2020-08-21,267.0438,265.3741
2020-08-24,269.4092,269.7272
2020-08-25,270.741,279.0995
2020-08-26,282.26,302.048
2020-08-27,298.3209,291.4235
2020-08-28,293.1926,291.8608
2020-08-31,292.149,291.4036
2020-09-01,292.9043,293.6299
2020-09-02,297.0488,300.6466
2020-09-03,294.1765,289.3363
2020-09-04,285.49,280.9977
2020-09-08,269.6179,269.4986
2020-09-09,274.0803,272.0429
2020-09-10,273.8219,266.4474
2020-09-11,268.4054,264.9765
2020-09-14,269.2899,264.5193
2020-09-15,269.0116,270.7509
2020-09-16,265.6523,261.9054
2020-09-17,256.6976,253.2588
2020-09-18,256.8168,250.9828
2020-09-21,246.0233,246.6296
2020-09-22,251.758,253.1892
2020-09-23,253.696,247.4943
2020-09-24,244.9897,248.0011
2020-09-25,247.872,253.2588
2020-09-28,257.8107,255.2465
2020-09-29,256.2304,260.1861
2020-09-30,260.3749,260.2953
2020-10-01,263.7242,264.9964
2020-10-02,259.6096,258.3474
2020-10-05,260.5935,263.0285
2020-10-06,260.176,257.0752
2020-10-07,257.6219,256.5385
2020-10-08,258.1585,262.144
2020-10-09,262.8993,262.8297
2020-10-12,268.5445,274.0605
2020-10-13,275.8793,274.4481
2020-10-14,275.9191,270.1546
2020-10-15,265.9604,265.0858
2020-10-16,265.7418,264.3007
2020-10-19,263.9031,259.7984
2020-10-20,261.4482,265.9207
2020-10-21,277.8471,277.0222
2020-10-22,278.1552,276.416
2020-10-23,277.0918,283.0451
2020-10-26,281.4251,275.4121
2020-10-27,277.0521,281.5543
2020-10-28,277.0819,266.03
2020-10-29,274.8556,279.1094
2020-10-30,272.8182,261.4979
2020-11-02,262.9788,259.7587
2020-11-03,261.5476,263.6745
2020-11-04,279.2783,285.6192
2020-11-05,290.1116,292.8745
2020-11-06,292.149,291.6123
2020-11-09,288.094,277.062
2020-11-10,271.4268,270.7609
2020-11-11,271.7945,274.786
2020-11-12,275.4817,273.3946
2020-11-13,276.0184,275.2531
2020-11-16,273.3648,277.2508
2020-11-17,275.9787,273.3151
2020-11-18,272.838,270.3036
2020-11-19,269.3595,271.2677
2020-11-20,270.89,268.0475
2020-11-23,269.2303,266.7853
2020-11-24,266.845,275.2233
2020-11-25,276.4359,273.9015
2020-11-27,275.6904,276.1078
2020-11-30,274.3388,275.273
2020-12-01,277.4496,284.7943
2020-12-02,283.6116,285.7584
2020-12-03,284.4962,280.1231
2020-12-04,278.5826,277.9863
2020-12-07,277.4794,283.8303
2020-12-08,284.2576,281.6636
2020-12-09,281.922,276.2172
2020-12-10,273.8518,275.4221
2020-12-11,272.8479,271.8739
2020-12-14,271.6951,272.5101
2020-12-15,273.1461,273.8617
2020-12-16,273.0766,273.981
2020-12-17,275.3724,272.7983
2020-12-18,274.0803,274.7065
2020-12-21,271.3075,271.1186
2020-12-22,269.8366,265.4536
2020-12-23,265.2548,266.4673
2020-12-24,267.2326,265.7617
2020-12-28,267.0934,275.3028
2020-12-29,275.2531,275.0842
2020-12-30,276.247,270.2043
2020-12-31,270.3335,271.4864
2021-01-04,273.0964,267.2922
2021-01-05,266.6462,269.3098
2021-01-06,260.3947,261.6967
2021-01-07,264.2708,267.0934
2021-01-08,266.6661,265.9306
2021-01-11,258.8841,255.2664
2021-01-12,255.0577,249.5516
2021-01-13,250.0088,250.0982
2021-01-14,251.8474,244.135
2021-01-15,246.3811,249.8199
2021-01-19,255.326,259.5003
2021-01-20,267.2823,265.8412
2021-01-21,267.6103,271.1981
2021-01-22,270.3434,272.8181
2021-01-25,276.4359,276.3067
2021-01-26,276.4358,280.3218
2021-01-27,280.799,270.4726
2021-01-28,275.4817,263.3764
2021-01-29,263.6745,256.7472
2021-02-01,257.9299,260.4047
2021-02-02,262.3825,265.4436
2021-02-03,263.9925,265.0162
2021-02-04,265.374,264.8572
2021-02-05,265.1653,266.4574
2021-02-08,267.1034,264.9467
2021-02-09,264.8076,267.7991
2021-02-10,270.7807,270.2043
2021-02-11,270.2242,268.7334
2021-02-12,268.8625,268.8427
2021-02-16,269.1408,272.2914
2021-02-17,269.5781,271.8939
2021-02-18,267.9184,267.7395
2021-02-19,268.2066,259.9574
2021-02-22,256.3696,258.735
2021-02-23,257.91,264.231
2021-02-24,260.7227,262.6906
2021-02-25,260.6929,253.1295
2021-02-26,254.8986,256.0416
2021-03-01,259.222,263.2869
2021-03-02,264.1515,257.4131
2021-03-03,258.6952,253.8451
2021-03-04,254.8986,256.0615
2021-03-05,259.0729,262.6608
2021-03-08,263.923,253.7457
2021-03-09,259.5797,264.1118
2021-03-10,266.9941,263.277
2021-03-11,266.4673,272.202
2021-03-12,267.491,266.7555
2021-03-15,267.4314,272.0728
2021-03-16,274.3885,277.5689
2021-03-17,274.0207,282.2699
2021-03-18,278.1553,276.9129
2021-03-19,279.497,288.3325
2021-03-22,288.6705,291.7415
2021-03-23,291.3539,288.8494
2021-03-24,289.2171,280.4114
2021-03-25,279.2584,277.0321
2021-03-26,276.5949,281.286
2021-03-29,284.0191,289.0382
2021-03-30,288.0542,286.2354
2021-03-31,288.2133,292.7255
2021-04-01,296.5717,296.8301
2021-04-05,299.0465,307.0173
2021-04-06,306.9477,304.3835
2021-04-07,304.4631,311.1717
2021-04-08,312.921,311.1022
2021-04-09,309.4921,310.5456
2021-04-12,309.1442,309.6312
2021-04-13,310.2971,307.8621
2021-04-14,305.4172,300.9647
2021-04-15,304.4631,305.934
2021-04-16,306.2819,304.304
2021-04-19,303.1412,300.3882
2021-04-20,300.1397,300.7957
2021-04-21,300.1,299.623
2021-04-22,299.4837,294.7032
2021-04-23,296.9296,299.285
2021-04-26,301.4815,301.1833
2021-04-27,302.4156,301.71
2021-04-28,305.4768,305.2184
2021-04-29,328.0974,327.4911
2021-04-30,324.1418,323.0883
2021-05-03,324.1716,320.6036
2021-05-04,318.0592,316.4094
2021-05-05,316.2405,313.0899
2021-05-06,312.5929,318.0592
2021-05-07,320.4048,317.125
2021-05-10,312.424,304.0953
2021-05-11,298.9073,304.6519
2021-05-12,299.285,300.6963
2021-05-13,304.2047,303.3897
2021-05-14,307.6435,314.0042
2021-05-17,311.6289,313.5272
2021-05-18,313.6564,308.0609
2021-05-19,302.3262,311.6686
2021-05-20,311.6587,316.6579
2021-05-21,317.3337,314.2925
2021-05-24,316.2603,322.641
2021-05-25,325.076,325.7816
2021-05-26,326.3382,325.6525
2021-05-27,325.9903,330.7112
2021-05-28,328.972,326.7159
2021-06-01,328.1271,327.1134
2021-06-02,328.3558,327.1333
2021-06-03,323.7839,324.0424
2021-06-04,323.9032,328.326
2021-06-07,327.4613,334.5178
2021-06-08,334.637,331.6355
2021-06-09,333.6829,328.2266
2021-06-10,328.7633,330.423
2021-06-11,330.5423,329.2304
2021-06-14,329.8664,334.7066
2021-06-15,334.9253,334.6868
2021-06-16,334.6371,329.0515
2021-06-17,328.4651,334.4482
2021-06-18,332.4804,327.6402
2021-06-21,329.0614,330.2541
2021-06-22,330.6516,336.9528
2021-06-23,337.2708,338.5032
2021-06-24,339.7555,341.0774
2021-06-25,340.4909,339.2784
2021-06-28,340.3618,353.4611
2021-06-29,354.0871,349.734
2021-06-30,350.0123,345.5796
2021-07-01,344.695,352.2187
2021-07-02,352.9243,352.5268
2021-07-06,354.3158,350.6186
2021-07-07,353.0834,348.3426
2021-07-08,343.6117,343.5322
2021-07-09,343.2042,348.273
2021-07-12,349.0781,350.9962
2021-07-13,349.3464,349.9328
2021-07-14,352.3876,345.5001
2021-07-15,347.0903,342.3495
2021-07-16,342.7967,339.0697
2021-07-19,335.5018,334.8856
2021-07-20,336.7242,339.5667
2021-07-21,339.4077,344.1087
2021-07-22,344.556,349.0383
2021-07-23,358.6988,367.5244
2021-07-26,367.3156,370.1779
2021-07-27,369.6313,365.5564
2021-07-28,372.2651,370.993
2021-07-29,358.7882,356.1246
2021-07-30,351.831,354.1169
2021-08-02,355.9059,349.7936
2021-08-03,350.5688,349.088
2021-08-04,350.2607,356.7209
2021-08-05,357.4365,360.7461
2021-08-06,359.1857,361.2828
2021-08-09,361.5313,359.3944
2021-08-10,359.6131,358.9174
2021-08-11,359.8814,357.7545
2021-08-12,356.2538,360.428
2021-08-13,360.7461,360.9548
2021-08-16,360.2989,364.3141
2021-08-17,360.756,356.2538
2021-08-18,354.0673,353.2722
2021-08-19,349.1973,352.9442
2021-08-20,352.4274,357.1682
2021-08-23,357.2377,361.1237
2021-08-24,361.4319,363.2706
2021-08-25,363.36,366.1329
2021-08-26,366.123,362.1475
2021-08-27,362.8631,370.3469
2021-08-30,370.2774,378.3278
2021-08-31,377.6221,377.0556
2021-09-01,377.2643,379.7092
2021-09-02,379.1626,372.9807
2021-09-03,372.4539,373.9547
2021-09-07,373.577,379.8384
2021-09-08,377.8308,375.2567
2021-09-09,375.3262,375.684
2021-09-10,379.0234,376.3698
2021-09-13,379.3415,374.2032
2021-09-14,375.0877,374.223
2021-09-15,374.6901,371.629
2021-09-16,370.506,370.7743
2021-09-17,369.1344,362.4854
2021-09-20,357.0986,353.5207
2021-09-21,356.3035,355.2898
2021-09-22,345.1026,341.1072
2021-09-23,343.244,343.8403
2021-09-24,341.1369,350.7974
2021-09-27,347.6667,351.4136
2021-09-28,345.838,338.5628
2021-09-29,341.0475,337.5292
2021-09-30,338.3641,337.3106
2021-10-01,339.517,340.9084
2021-10-04,333.4742,324.2312
2021-10-05,326.5668,330.92
2021-10-06,327.7197,331.5958
2021-10-07,334.9352,327.2029
2021-10-08,329.4789,328.0278
2021-10-11,325.6226,323.456
2021-10-12,321.0508,321.7863
2021-10-13,324.9666,322.5515
2021-10-14,326.3481,326.5171
2021-10-15,326.6662,322.7702
2021-10-18,326.9346,333.2854
2021-10-19,337.569,337.9069
2021-10-20,341.3457,338.6921
2021-10-21,338.1952,339.7854
2021-10-22,324.3505,322.6211
2021-10-25,318.3375,326.6761
2021-10-26,326.2488,313.8751
2021-10-27,312.265,310.307
2021-10-28,311.0723,314.9783
2021-10-29,318.2283,321.5876
2021-11-01,324.0424,327.9583
2021-11-02,329.3497,326.0699
2021-11-03,325.4835,329.5882
2021-11-04,331.9636,333.7923
2021-11-05,338.2249,339.0399
2021-11-08,342.3098,336.5453
2021-11-09,337.9169,333.3152
2021-11-10,330.4529,325.6326
2021-11-11,327.7993,325.732
2021-11-12,328.157,338.8014
2021-11-15,342.2303,345.4305
2021-11-16,341.7233,340.8587
2021-11-17,342.1309,338.6822
2021-11-18,337.6386,336.6149
2021-11-19,340.1033,343.1843
2021-11-22,346.9114,338.9207
2021-11-23,336.8534,335.1837
2021-11-24,333.9413,338.9703
2021-11-26,333.7426,331.079
2021-11-29,334.8259,335.9589
2021-11-30,332.9474,322.472
2021-12-01,328.2664,308.697
2021-12-02,309.492,308.4882
2021-12-03,311.8078,304.96
2021-12-06,306.2421,315.9225
2021-12-07,319.5998,320.8322
2021-12-08,323.0087,328.5347
2021-12-09,327.521,327.7993
2021-12-10,330.5225,327.7297
2021-12-13,328.9223,332.4406
2021-12-14,326.04,331.6952
2021-12-15,330.4529,339.5667
2021-12-16,336.9031,332.8481
2021-12-17,330.7609,331.7449
2021-12-20,327.7595,323.456
2021-12-21,324.4101,332.1524
2021-12-22,331.7548,328.4254
2021-12-23,328.0775,333.186
2021-12-27,336.7739,344.059
2021-12-28,344.5062,344.0987
2021-12-29,344.7845,340.8389
2021-12-30,341.8923,342.2501
2021-12-31,340.9183,334.2892
2022-01-03,336.2273,336.4658
2022-01-04,337.8672,334.4681
2022-01-05,330.9796,322.1839
2022-01-06,320.8421,330.423
2022-01-07,330.7013,329.7571
2022-01-10,323.3168,326.0599
2022-01-11,324.7778,332.3213
2022-01-12,333.1264,331.2182
2022-01-13,332.9276,324.4797
2022-01-14,319.8185,329.8665
2022-01-18,321.3093,316.2007
2022-01-19,317.6219,317.6319
2022-01-20,321.9155,314.6205
2022-01-21,312.8812,301.3125
2022-01-24,296.0152,306.8186
2022-01-25,298.1122,298.311
2022-01-26,305.129,292.8248
2022-01-27,295.9257,292.8348
2022-01-28,293.8088,299.8615
2022-01-31,298.8378,311.3407
2022-02-01,312.6327,317.0455
2022-02-02,325.8115,321.021
2022-02-03,243.1511,236.3033
2022-02-04,233.5304,235.6374
2022-02-07,236.2436,223.532
2022-02-08,219.4968,218.8309
2022-02-09,222.8263,230.5786
2022-02-10,226.8714,226.6727
2022-02-11,227.0602,218.2048
2022-02-14,217.9663,216.3661
2022-02-15,219.1192,219.646
2022-02-16,211.1086,215.2133
2022-02-17,212.7087,206.4374
2022-02-18,208.1071,204.8969
2022-02-22,201.1003,200.8419
2022-02-23,202.9091,197.2341
2022-02-24,189.8894,206.328
2022-02-25,203.6843,209.1904
2022-02-28,206.4076,209.737
2022-03-01,208.5841,202.2432
2022-03-02,203.5253,206.8349
2022-03-03,207.7393,201.7264
2022-03-04,201.1301,198.8342
2022-03-07,199.5597,186.3214
2022-03-08,186.699,189.1241
2022-03-09,194.5407,197.2838
2022-03-10,193.6462,194.014
2022-03-11,191.4597,186.4605
2022-03-14,185.8841,185.4865
2022-03-15,189.631,190.8534
2022-03-16,193.5071,202.3824
2022-03-17,200.4642,206.5666
2022-03-18,205.4336,215.1636
2022-03-21,213.1858,210.1942
2022-03-22,210.0749,215.3226
2022-03-23,212.023,212.1522
2022-03-24,213.6827,218.2247
2022-03-25,219.159,220.4609
2022-03-28,220.769,222.2201
2022-03-29,224.6849,228.4517
2022-03-30,227.5075,226.454
2022-03-31,227.0503,220.9976
2022-04-01,223.1742,223.4724
2022-04-04,224.5954,232.457
2022-04-05,232.6458,230.4195
2022-04-06,225.5197,221.9319
2022-04-07,222.558,221.584
2022-04-08,221.0175,220.9678
2022-04-11,217.0818,215.1338
2022-04-12,218.8906,212.828
2022-04-13,210.5222,213.6728
2022-04-14,213.5734,208.8922
2022-04-18,208.7133,209.4786
2022-04-19,209.2302,215.9786
2022-04-20,212.3012,199.192
2022-04-21,200.3648,186.9177
2022-04-22,189.2036,182.982
2022-04-25,181.6104,185.8443
2022-04-26,185.4865,179.8413
2022-04-27,173.3613,173.8781
2022-04-28,201.6767,204.4695
2022-04-29,203.2073,199.2417
2022-05-02,199.9374,209.8364
2022-05-03,209.1606,210.7309
2022-05-04,209.3594,222.0412
2022-05-05,217.3998,207.0039
2022-05-06,206.0696,202.5215
2022-05-09,198.6156,195.0078
2022-05-10,198.2876,196.439
2022-05-11,195.1271,187.5836
2022-05-12,185.9139,190.0683
2022-05-13,191.4001,197.4031
2022-05-16,195.8427,198.8143
2022-05-17,200.8816,201.3786
2022-05-18,198.7746,191.0622
2022-05-19,190.0285,190.118
2022-05-20,193.7754,192.3542
2022-05-23,193.9941,195.0277
2022-05-24,179.4438,180.1693
2022-05-25,179.2947,182.7037
2022-05-26,181.7595,190.4559
2022-05-27,190.1876,193.9345
2022-05-31,193.6959,192.4536
2022-06-01,195.306,187.4842
2022-06-02,187.2954,197.6416
2022-06-03,194.7793,189.6111
2022-06-06,192.8014,193.0598
2022-06-07,190.7541,194.4513
2022-06-08,193.4772,195.4352
2022-06-09,193.0896,182.8726
2022-06-10,181.9185,174.4943
2022-06-13,169.5448,163.2536
2022-06-14,165.0127,162.7268
2022-06-15,166.1756,168.3124
2022-06-16,162.7169,159.8844
2022-06-17,160.6894,162.7368
2022-06-21,164.9134,156.0878
2022-06-22,157.4096,154.8951
2022-06-23,155.3125,157.7773
2022-06-24,160.7391,169.1174
2022-06-27,170.2703,168.4516
2022-06-28,168.859,159.6955
2022-06-29,162.5678,162.9356
2022-06-30,161.1565,160.262
2022-07-01,159.3278,159.0495
2022-07-05,157.1711,167.1595
2022-07-06,167.1695,168.7298
2022-07-07,168.4118,171.135
2022-07-08,168.9386,169.8331
2022-07-11,166.0464,161.882
2022-07-12,163.7903,162.2697
2022-07-13,159.1787,162.4883
2022-07-14,160.2322,157.0816
2022-07-15,159.5564,163.6909
2022-07-18,165.7283,166.2054
2022-07-19,169.3261,174.703
2022-07-20,176.4025,181.9682
2022-07-21,179.5233,182.0477
2022-07-22,172.0096,168.2329
2022-07-25,167.9646,165.629
2022-07-26,164.9233,158.1749
2022-07-27,161.5938,168.541
2022-07-28,160.0732,159.7353
2022-07-29,156.7238,158.1252
2022-08-01,156.2865,158.9501
2022-08-02,157.3401,159.2085
2022-08-03,161.6932,167.7658
2022-08-04,167.2688,169.5249
2022-08-05,165.9669,166.0861
2022-08-08,166.9707,169.2069
2022-08-09,167.9148,167.4974
2022-08-10,174.9117,177.2473
2022-08-11,178.6089,176.4025
2022-08-12,179.7022,179.3941
2022-08-15,177.8635,179.7817
2022-08-16,178.3406,178.3704
2022-08-17,175.677,173.7787
2022-08-18,173.2718,173.5899
2022-08-19,169.1572,166.9309
2022-08-22,164.476,162.051
2022-08-23,161.4845,160.1229
2022-08-24,159.616,162.2597
2022-08-25,164.1679,167.7459
2022-08-26,167.4477,160.7888
2022-08-29,159.6757,158.1948
2022-08-30,159.3676,156.1971
2022-08-31,166.0464,161.9317
2022-09-01,162.5777,164.3468
2022-09-02,166.424,159.3377
2022-09-06,159.1191,157.5686
2022-09-07,156.7934,159.4073
2022-09-08,157.7376,161.0671
2022-09-09,162.2498,168.1136
2022-09-12,166.3644,167.9248
2022-09-13,160.5502,152.1918
2022-09-14,152.3906,150.542
2022-09-15,148.8822,148.6337
2022-09-16,147.1429,145.3937
2022-09-19,144.3501,147.1131
2022-09-20,144.8868,145.1949
2022-09-21,145.4931,141.2492
2022-09-22,140.6827,141.9449
2022-09-23,140.5535,139.5497
2022-09-26,139.2615,135.5345
2022-09-27,137.075,133.5766
2022-09-28,133.7952,140.7424
2022-09-29,138.5062,135.5742
2022-09-30,135.2164,134.8487
2022-10-03,136.2997,137.7607
2022-10-04,139.6292,139.4205
2022-10-05,137.393,138.1285
2022-10-06,136.8762,138.2179
2022-10-07,135.9221,132.6324
2022-10-10,132.7317,132.9703
2022-10-11,130.8136,127.7524
2022-10-12,127.5338,126.7188
2022-10-13,122.7731,129.4917
2022-10-14,130.1974,125.9834
2022-10-17,129.5017,133.2187
2022-10-18,136.25,131.9863
2022-10-19,132.0758,132.4137
2022-10-20,132.1156,130.7241
2022-10-21,125.5361,129.2134
2022-10-24,126.4704,128.9252
2022-10-25,130.0781,136.6675
2022-10-26,130.8732,129.0246
2022-10-27,97.3797,97.3399
2022-10-28,98.9699,98.5922
2022-10-31,97.6182,92.5892
2022-11-01,93.752,94.6167
2022-11-02,93.6328,89.9853
2022-11-03,89.5281,88.3653
2022-11-04,89.7964,90.2337
2022-11-07,94.1993,96.1274
2022-11-08,95.3323,95.8789
2022-11-09,101.0968,100.8483
2022-11-10,106.4637,111.1846
2022-11-11,108.5608,112.3275
2022-11-14,110.31,113.5202
2022-11-15,115.3588,116.3627
2022-11-16,113.7985,112.5362
2022-11-17,109.7335,110.7672
2022-11-18,113.1027,111.3635
2022-11-21,110.8367,109.1869
2022-11-22,109.1869,110.7572
2022-11-23,111.0355,111.5523
2022-11-25,110.6181,110.7274
2022-11-28,110.1013,108.1135
2022-11-29,108.8689,108.7893
2022-11-30,108.8391,117.3764
2022-12-01,118.4697,119.7021
2022-12-02,117.1081,122.7334
2022-12-05,121.004,121.6799
2022-12-06,119.1753,113.4208
2022-12-07,113.063,113.232
2022-12-08,115.6769,114.6234
2022-12-09,114.5936,115.1899
2022-12-12,114.4743,114.0072
2022-12-13,121.3817,119.4138
2022-12-14,118.6585,120.845
2022-12-15,117.605,115.4384
2022-12-16,119.4934,118.6983
2022-12-19,116.1142,113.7786
2022-12-20,112.5661,116.3726
2022-12-21,115.985,119.0262
2022-12-22,116.4819,116.4024
2022-12-23,115.3191,117.3168
2022-12-27,117.2074,116.1639
2022-12-28,115.5377,114.9116
2022-12-29,115.6868,119.5232
2022-12-30,117.436,119.6027
2023-01-03,122.0675,123.9757
2023-01-04,126.5995,126.5896
2023-01-05,125.3572,126.1622
2023-01-06,128.1798,129.2234
2023-01-09,130.3564,128.6767
2023-01-10,126.4902,132.1752
2023-01-11,130.1576,132.0758
2023-01-12,132.6224,135.8724
2023-01-13,134.143,136.1407
2023-01-17,135.3456,134.5306
2023-01-18,134.9779,132.205
2023-01-19,131.6783,135.3158
2023-01-20,135.0574,138.5161
2023-01-23,138.4366,142.3922
2023-01-24,140.8219,142.263
2023-01-25,140.3548,140.633
2023-01-26,143.5153,146.3975
2023-01-27,147.3317,150.8103
2023-01-30,148.4946,146.159
2023-01-31,147.0435,148.0573
2023-02-01,147.123,152.1819
2023-02-02,182.2565,187.6134
2023-02-03,182.3459,185.3871
2023-02-06,185.3871,184.92
2023-02-07,184.443,190.4459
2023-02-08,188.8359,182.3061
2023-02-09,184.9896,176.8299
2023-02-10,175.2695,173.083
2023-02-13,177.128,178.3306
2023-02-14,176.0746,178.3803
2023-02-15,175.3391,176.0745
2023-02-16,171.6916,171.3835
2023-02-17,169.1771,171.8208
2023-02-21,173.242,171.0257
2023-02-22,170.0219,170.0715
2023-02-23,170.9462,170.9859
2023-02-24,167.6068,169.346
2023-02-27,170.8269,168.5012
2023-02-28,170.8468,173.8681
2023-03-01,173.5203,172.3575
2023-03-02,171.3238,173.4607
2023-03-03,177.8238,184.115
2023-03-06,186.8481,183.7671
2023-03-07,187.842,183.3795
2023-03-08,181.7496,183.8367
2023-03-09,185.2082,180.5768
2023-03-10,179.901,178.4101
2023-03-13,176.8697,179.7916
2023-03-14,186.4307,192.8313
2023-03-15,191.7678,196.5384
2023-03-16,197.0453,203.6744
2023-03-17,199.3312,194.4115
2023-03-20,197.2639,196.598
2023-03-21,201.955,200.9214
2023-03-22,201.2593,198.5858
2023-03-23,201.5972,203.0284
2023-03-24,203.9229,204.7478
2023-03-27,203.5551,201.5972
2023-03-28,198.9237,199.4504
2023-03-29,202.3128,204.0919
2023-03-30,202.1339,206.5666
2023-03-31,205.9703,210.6415
2023-04-03,207.5604,211.7645
2023-04-04,212.0826,213.4044
2023-04-05,212.8379,210.1843
2023-04-06,207.9679,214.776
2023-04-10,213.3945,213.4342
2023-04-11,214.1598,212.5398
2023-04-12,213.5237,212.6888
2023-04-13,214.4082,218.9999
2023-04-14,216.5451,220.1329
2023-04-17,218.4434,217.5191
2023-04-18,218.5626,216.555
2023-04-19,212.1621,214.3784
2023-04-20,212.172,211.7645
2023-04-21,208.9221,211.5856
2023-04-24,212.3708,211.4862
2023-04-25,209.5283,206.2784
2023-04-26,211.198,208.117
2023-04-27,238.4202,237.0983
2023-04-28,237.5456,238.8476
2023-05-01,237.158,241.69
2023-05-02,241.69,237.7742
2023-05-03,238.0028,235.5777
2023-05-04,234.6136,232.0892
2023-05-05,230.8171,231.3538
2023-05-08,230.0021,231.8408
2023-05-09,230.0419,231.9401
2023-05-10,234.723,231.6519
2023-05-11,231.6221,234.3453
2023-05-12,235.2895,232.3775
2023-05-15,235.4684,237.3965
2023-05-16,234.3453,237.3568
2023-05-17,236.989,241.0043
2023-05-18,239.8216,245.3376
2023-05-19,245.9538,244.135
2023-05-22,243.9064,246.7986
2023-05-23,245.2978,245.2283
2023-05-24,243.7772,247.6831
2023-05-25,251.8474,251.1418
2023-05-26,251.3803,260.4345
2023-05-30,263.6248,260.9115
2023-05-31,258.407,263.0981
2023-06-01,264.2708,270.9397
2023-06-02,270.9894,270.9397
2023-06-05,268.6439,269.7272
2023-06-06,268.4849,269.4589
2023-06-07,270.0055,261.985
2023-06-08,259.0232,262.9589
2023-06-09,260.8718,263.3266
2023-06-12,265.5331,269.3893
2023-06-13,273.1958,269.6576
2023-06-14,270.2242,271.6752
2023-06-15,270.6316,280.1032
2023-06-16,283.0053,279.2783
2023-06-20,277.0223,282.5879
2023-06-21,281.7928,279.9144
2023-06-22,277.3701,283.1346
2023-06-23,279.7852,286.961
2023-06-26,286.9312,276.7638
2023-06-27,280.2821,285.2912
2023-06-28,283.0749,283.5421
2023-06-29,282.7569,279.8051
2023-06-30,283.0153,285.2217
2023-07-03,284.9434,284.2675
2023-07-05,285.8876,292.5664
2023-07-06,294.0771,290.201
2023-07-07,290.3898,288.7499
2023-07-10,293.7392,292.2981
2023-07-11,292.0993,296.4624
2023-07-12,299.9012,307.4447
2023-07-13,311.6985,311.4898
2023-07-14,309.8797,306.9776
2023-07-17,305.6557,308.7168
2023-07-18,308.9753,310.1381
2023-07-19,311.1121,314.0739
2023-07-20,311.5792,300.6665
2023-07-21,302.7039,292.4571
2023-07-24,293.9678,289.8233
2023-07-25,293.3814,292.6658
2023-07-26,299.3446,296.7407
2023-07-27,323.128,309.8002
2023-07-28,314.9385,323.4858
2023-07-31,321.7068,316.648
2023-08-01,315.5945,320.7328
2023-08-02,316.0516,312.3842
2023-08-03,308.0311,311.2711
2023-08-04,313.0302,308.8262
2023-08-07,311.3109,314.6205
2023-08-08,312.4737,310.7245
2023-08-09,310.963,303.34
2023-08-10,306.0533,303.8667
2023-08-11,300.7162,299.7919
2023-08-14,299.136,304.314
2023-08-15,304.2643,300.1
2023-08-16,298.3607,292.4869
2023-08-17,291.2545,283.3433
2023-08-18,277.3204,281.5145
2023-08-21,281.7133,288.1238
2023-08-22,290.7575,285.8379
2023-08-23,286.7324,292.4372
2023-08-24,296.6711,284.9931
2023-08-25,284.3769,283.7507
2023-08-28,286.2354,288.4816
2023-08-29,286.8119,296.1642
2023-08-30,295.3493,293.2919
2023-08-31,293.9876,294.0771
2023-09-01,297.5358,294.5641
2023-09-05,295.2002,298.311
2023-09-06,299.8614,297.337
2023-09-07,296.1742,296.8401
2023-09-08,297.3867,296.0649
2023-09-11,299.5633,305.6756
2023-09-12,304.4531,299.8117
2023-09-13,300.5074,303.1909
2023-09-14,304.8606,309.8101
2023-09-15,309.7008,298.47
2023-09-18,296.363,300.6963
2023-09-19,300.6267,303.2009
2023-09-20,303.181,297.834
2023-09-21,293.8883,293.9181
2023-09-22,297.4662,297.2476
2023-09-25,293.8286,298.9868
2023-09-26,295.8363,297.1283
2023-09-27,298.6091,295.9157
2023-09-28,297.1084,302.0977
2023-09-29,305.4967,298.3706
2023-10-02,300.8851,304.9402
2023-10-03,302.3959,299.0962
2023-10-04,296.8997,303.7077
2023-10-05,302.7635,302.9225
2023-10-06,299.5931,313.4974
2023-10-09,310.5853,316.4094
2023-10-10,317.1648,319.8681
2023-10-11,321.0309,325.8114
2023-10-12,325.9904,322.1739
2023-10-13,321.5478,312.7619
2023-10-16,316.6877,319.1823
2023-10-17,316.2305,322.0148
2023-10-18,319.4209,315.028
2023-10-19,317.9202,310.8935
2023-10-20,312.2153,306.7589
2023-10-23,307.6037,312.0861
2023-10-24,314.8391,310.635
2023-10-25,308.1006,297.6948
2023-10-26,293.1926,286.5833
2023-10-27,292.6758,294.912
2023-10-30,297.2575,300.8056
2023-10-31,301.4516,299.4241
2023-11-01,300.0006,309.9393
2023-11-02,315.3559,308.9653
2023-11-03,310.635,312.6725
2023-11-06,314.044,313.8651
2023-11-07,315.1174,316.8666
2023-11-08,316.1908,317.8207
2023-11-09,317.4629,318.586
2023-11-10,317.9797,326.7556
2023-11-13,324.2014,327.1731
2023-11-14,332.4903,334.2495
2023-11-15,335.8595,330.6715
2023-11-16,327.352,332.1424
2023-11-17,328.2365,332.9872
2023-11-20,332.8382,337.8871
2023-11-21,336.257,334.9153
2023-11-22,337.1317,339.3977
2023-11-24,338.0461,336.1577
2023-11-27,334.1202,332.6493
2023-11-28,331.3573,336.9131
2023-11-29,337.6087,330.1646
2023-11-30,329.8565,325.1456
2023-12-01,323.4858,322.8299
2023-12-04,315.346,318.0592
2023-12-05,317.0256,316.3398
2023-12-06,319.9575,315.505
2023-12-07,315.823,324.589
2023-12-08,321.1104,330.7112
2023-12-11,327.3818,323.287
2023-12-12,322.6112,332.1722
2023-12-13,331.884,332.689
2023-12-14,331.8045,331.1287
2023-12-15,329.9559,332.868
2023-12-18,335.4123,342.5085
2023-12-19,343.4626,348.2133
2023-12-20,346.5138,347.14
2023-12-21,350.8173,351.9205
2023-12-22,353.4014,351.2248
2023-12-26,352.815,352.6559
2023-12-27,353.8884,355.6376
2023-12-28,357.4962,356.1246
2023-12-29,356.7905,351.7913
2024-01-02,349.1675,344.1683
2024-01-03,342.8663,342.3594
2024-01-04,342.3893,344.9932
2024-01-05,344.864,349.7936
2024-01-08,352.5268,356.4625
2024-01-09,354.2163,355.24
2024-01-10,357.9633,368.2002
2024-01-11,369.85,367.4051
2024-01-12,367.8921,372.1955
2024-01-16,371.3607,365.2086
2024-01-17,364.0557,366.113
2024-01-18,369.2139,373.8254
2024-01-19,376.6779,381.1006
2024-01-22,385.5731,379.4409
2024-01-23,382.2635,382.8399
2024-01-24,387.6105,388.3062
2024-01-25,387.7795,390.771
2024-01-26,391.9339,391.7252
2024-01-29,392.5699,398.563
2024-01-30,401.1172,397.6089
2024-01-31,386.6166,387.7496
2024-02-01,391.5263,392.3612
2024-02-02,456.7841,472.0797
2024-02-05,467.0011,456.5952
2024-02-06,461.1571,451.934
2024-02-07,455.1938,466.7128
2024-02-08,465.4506,467.1203
2024-02-09,470.0523,465.2419
2024-02-12,465.3214,466.0271
2024-02-13,454.0708,457.3009
2024-02-14,465.063,470.3802
2024-02-15,472.368,481.0644
2024-02-16,475.1806,470.42
2024-02-20,466.8421,468.8596
2024-02-21,464.1337,465.6559
2024-02-22,477.804,483.6641
2024-02-23,485.5744,481.5748
2024-02-26,481.0176,479.2964
2024-02-27,477.5454,484.5795
2024-02-28,482.5399,481.5648
2024-02-29,485.9624,487.6439
2024-03-01,489.6138,499.7521
2024-03-04,500.4486,495.663
2024-03-05,492.4892,487.7334
2024-03-06,495.1058,493.5736
2024-03-07,500.7272,509.592
2024-03-08,511.5818,503.3836
2024-03-11,494.4889,481.137
2024-03-12,490.758,497.215
2024-03-13,492.8772,493.0562
2024-03-14,497.7225,489.3352
2024-03-15,486.5295,481.6444
2024-03-18,489.4148,494.4591
2024-03-19,485.6938,493.7228
2024-03-20,496.9663,502.9558
2024-03-21,512.0992,505.1844
2024-03-22,504.4283,506.9952
2024-03-25,503.2244,500.4684
2024-03-26,502.5678,493.3746
2024-03-27,496.7674,491.3549
2024-03-28,490.3401,483.1169
2024-04-01,484.7287,488.8577
2024-04-02,482.6394,494.8471
2024-04-03,496.3992,504.1696
2024-04-04,513.8005,508.3284
2024-04-05,514.2382,524.6651
2024-04-08,526.5953,516.6161
2024-04-09,519.5809,514.278
2024-04-10,506.7068,517.1933
2024-04-11,518.4667,520.5063
2024-04-12,515.1237,509.3034
2024-04-15,514.0989,497.6926
2024-04-16,495.5834,497.225
2024-04-17,500.5481,491.6634
2024-04-18,497.2847,499.2547
2024-04-19,500.2496,478.6298
2024-04-22,487.2359,479.2865
2024-04-23,488.7582,493.5836
2024-04-24,505.4829,490.9968
2024-04-25,419.2625,439.1411
2024-04-26,439.2207,441.0415
2024-04-29,437.3303,430.4255
2024-04-30,428.8635,427.988
2024-05-01,426.426,436.9622
2024-05-02,436.614,439.4396
2024-05-03,443.668,449.6674
2024-05-06,453.2691,463.3179
2024-05-07,463.9248,465.8649
2024-05-08,461.1489,470.2028
2024-05-09,467.616,473.0085
2024-05-10,474.67,473.7845
2024-05-13,470.352,465.6361
2024-05-14,461.0196,469.4566
2024-05-15,472.5707,479.0974
2024-05-16,472.5906,470.8296
2024-05-17,468.4418,469.5163
2024-05-20,467.5662,466.4619
2024-05-21,464.7506,462.2732
2024-05-22,465.4968,465.4072
2024-05-23,470.4813,463.4173
2024-05-24,465.248,475.7943
2024-05-28,474.1626,477.4857
2024-05-29,472.2524,471.9539
2024-05-30,469.2775,464.6809
2024-05-31,463.4373,464.4621
2024-06-03,468.4716,475.068
2024-06-04,474.5805,474.5705
2024-06-05,481.9927,492.5489
2024-06-06,490.4794,491.2555
2024-06-07,493.3946,490.4595
2024-06-10,491.355,500.0507
2024-06-11,497.623,504.8959
2024-06-12,511.3828,506.2589
2024-06-13,503.1448,501.543
2024-06-14,500.5969,502.1007
2024-06-17,499.6209,504.5606
2024-06-18,502.4991,497.4498
2024-06-20,499.9495,499.6508
2024-06-21,501.3936,492.759
2024-06-24,497.161,496.8722
2024-06-25,495.0197,508.5144
2024-06-26,504.5806,511.0242
2024-06-27,512.1496,517.4379
2024-06-28,515.0377,502.1605
2024-07-01,502.8875,502.6186
2024-07-02,498.7146,507.4189
2024-07-03,504.3017,507.877
2024-07-05,509.5103,537.7047
2024-07-08,540.1348,527.158
2024-07-09,531.5698,527.8351
2024-07-10,528.6219,532.506
2024-07-11,528.7215,510.6058
2024-07-12,495.7269,496.8323
2024-07-15,496.5933,494.1334
2024-07-16,499.4516,487.7894
2024-07-17,477.2128,460.1029
2024-07-18,473.0598,473.9063
2024-07-19,474.1155,474.8425
2024-07-22,484.5925,485.4091
2024-07-23,487.8392,486.6939
2024-07-24,470.3808,459.3859
2024-07-25,461.3678,451.558
2024-07-26,462.3039,463.7978
2024-07-29,467.9607,463.8077
2024-07-30,465.0925,461.2981
2024-07-31,469.0961,472.8905
2024-08-01,518.8719,495.7069
2024-08-02,487.0026,486.1461
2024-08-05,449.5064,473.7869
2024-08-06,477.0434,492.0718
2024-08-07,501.0749,486.923
2024-08-08,495.4679,507.5484
2024-08-09,505.6362,515.6552
2024-08-12,514.7488,513.8425
2024-08-13,517.886,526.3811
2024-08-14,525.9031,524.6085
2024-08-15,529.6177,535.1351
2024-08-16,529.7274,525.2656
2024-08-19,524.7179,527.118
2024-08-20,526.1919,524.5785
2024-08-21,524.9968,532.9741
2024-08-22,534.8066,529.7573
2024-08-23,534.7269,525.8433
2024-08-26,525.445,518.9915
2024-08-27,516.8601,516.9796
2024-08-28,515.5555,514.6692
2024-08-29,516.9298,516.1032
2024-08-30,519.2205,519.1807
2024-09-03,517.5175,509.6696
2024-09-04,504.0029,510.6456
2024-09-05,509.6299,514.7488
2024-09-06,519.7483,498.2266
2024-09-09,504.0925,502.7281
2024-09-10,506.0843,502.7281
2024-09-11,504.939,509.7393
2024-09-12,514.9381,523.4532
2024-09-13,518.2146,522.4771
2024-09-16,522.8958,531.6085
2024-09-17,535.9149,534.639
2024-09-18,535.3865,536.2638
2024-09-19,548.276,557.3475
2024-09-20,558.2446,559.5904
2024-09-23,567.7149,562.6408
2024-09-24,564.9037,561.5643
2024-09-25,562.2819,566.5286
2024-09-26,573.9253,566.0601
2024-09-27,568.313,565.5816
2024-09-30,565.9206,570.6457
2024-10-01,576.1683,574.663
2024-10-02,573.0581,571.0146
2024-10-03,568.3629,580.9433
2024-10-04,581.9003,594.0721
2024-10-07,596.3448,582.947
2024-10-08,587.8416,591.0316
2024-10-09,592.1281,588.659
2024-10-10,585.7282,581.9999
2024-10-11,582.9969,588.1008
2024-10-14,592.3573,588.5692
2024-10-15,588.3101,584.4323
2024-10-16,579.5777,574.9821
2024-10-17,581.5016,575.1216
2024-10-18,579.2785,574.663
2024-10-21,574.2244,573.3571
2024-10-22,572.4899,580.1857
2024-10-23,578.152,561.923
2024-10-24,565.3523,566.0003
2024-10-25,572.131,571.4531
2024-10-28,580.1757,576.3477
2024-10-29,578.3316,591.4204
2024-10-30,599.0962,589.9449
2024-10-31,583.1663,565.8009
2024-11-01,565.8309,565.3823
2024-11-04,562.3317,558.9225
2024-11-05,565.5218,570.6357
2024-11-06,560.9861,570.2569
2024-11-07,575.0818,589.8453
2024-11-08,589.6858,587.4927
2024-11-11,584.522,581.342
2024-11-12,586.6952,582.9869
2024-11-13,580.7837,578.1819
2024-11-14,575.1914,575.3509
2024-11-15,569.4294,552.3432
2024-11-18,555.294,552.6623
2024-11-19,550.1302,559.3313
2024-11-20,561.1655,563.7474
2024-11-21,567.7348,561.325
2024-11-22,561.7836,557.3875
2024-11-25,560.3381,563.3387
2024-11-26,564.2259,571.7422
2024-11-27,573.088,567.4158
2024-11-29,567.2165,572.5198
2024-12-02,575.6898,590.9718
2024-12-03,593.1349,611.7265
2024-12-04,611.0387,611.8561
2024-12-05,615.1457,607.0212
2024-12-06,608.1876,621.8148
2024-12-09,621.9643,611.6467
2024-12-10,615.6243,617.3788
2024-12-11,621.416,630.6968
2024-12-12,629.5205,628.8127
2024-12-13,625.254,618.4055
2024-12-16,628.5119,622.7853
2024-12-17,624.7108,617.9965
2024-12-18,619.5529,595.7983
2024-12-19,608.9675,594.182
2024-12-20,589.2037,583.8861
2024-12-23,588.226,598.4521
2024-12-24,601.3154,606.3337
2024-12-26,604.069,601.944
2024-12-27,598.0131,598.4122
2024-12-30,587.3779,589.8621
